Year,Month,Region,Product,Sales,Profit
2015,Jan,North,Laptops,42657,6602
2015,Jan,North,Phones,41270,9286
2015,Jan,North,Tablets,24404,4751
2015,Jan,North,Accessories,50581,7723
2015,Jan,North,TVs,14764,4142
2015,Jan,North,Smartwatches,55196,16361
2015,Jan,South,Laptops,15641,3744
2015,Jan,South,Phones,27680,9538
2015,Jan,South,Tablets,10584,2894
2015,Jan,South,Accessories,48787,11925
2015,Jan,South,TVs,45471,12780
2015,Jan,South,Smartwatches,46721,10856
2015,Jan,East,Laptops,16224,5298
2015,Jan,East,Phones,58403,18096
2015,Jan,East,Tablets,24795,4824
2015,Jan,East,Accessories,27151,6837
2015,Jan,East,TVs,39736,11927
2015,Jan,East,Smartwatches,54810,17138
2015,Jan,West,Laptops,48451,12337
2015,Jan,West,Phones,51864,16140
2015,Jan,West,Tablets,18547,2921
2015,Jan,West,Accessories,48772,16316
2015,Jan,West,TVs,42625,10845
2015,Jan,West,Smartwatches,36306,12120
2015,Feb,North,Laptops,59802,14979
2015,Feb,North,Phones,35179,9791
2015,Feb,North,Tablets,22154,7356
2015,Feb,North,Accessories,33482,7535
2015,Feb,North,TVs,10972,3424
2015,Feb,North,Smartwatches,33049,8537
2015,Feb,South,Laptops,34983,11913
2015,Feb,South,Phones,28441,5294
2015,Feb,South,Tablets,36381,6833
2015,Feb,South,Accessories,18215,5610
2015,Feb,South,TVs,11256,1809
2015,Feb,South,Smartwatches,20649,6625
2015,Feb,East,Laptops,42276,10770
2015,Feb,East,Phones,47025,15015
2015,Feb,East,Tablets,32905,10980
2015,Feb,East,Accessories,51171,15263
2015,Feb,East,TVs,14878,3772
2015,Feb,East,Smartwatches,43144,14692
2015,Feb,West,Laptops,15990,3285
2015,Feb,West,Phones,49145,13579
2015,Feb,West,Tablets,11126,3883
2015,Feb,West,Accessories,46923,11744
2015,Feb,West,TVs,32160,8882
2015,Feb,West,Smartwatches,49251,16459
2015,Mar,North,Laptops,16528,2711
2015,Mar,North,Phones,22711,5750
2015,Mar,North,Tablets,35812,8227
2015,Mar,North,Accessories,53174,17540
2015,Mar,North,TVs,56195,11303
2015,Mar,North,Smartwatches,31002,10808
2015,Mar,South,Laptops,42200,10814
2015,Mar,South,Phones,54040,16469
2015,Mar,South,Tablets,45850,8849
2015,Mar,South,Accessories,52431,17290
2015,Mar,South,TVs,30124,5047
2015,Mar,South,Smartwatches,52839,8975
2015,Mar,East,Laptops,16247,2835
2015,Mar,East,Phones,39932,8681
2015,Mar,East,Tablets,40178,8259
2015,Mar,East,Accessories,23414,7381
2015,Mar,East,TVs,19015,4219
2015,Mar,East,Smartwatches,53252,16268
2015,Mar,West,Laptops,17371,2924
2015,Mar,West,Phones,18385,4427
2015,Mar,West,Tablets,12553,3407
2015,Mar,West,Accessories,29798,9241
2015,Mar,West,TVs,59131,9929
2015,Mar,West,Smartwatches,45104,15424
2015,Apr,North,Laptops,37081,5585
2015,Apr,North,Phones,37892,10356
2015,Apr,North,Tablets,43823,9870
2015,Apr,North,Accessories,42043,6996
2015,Apr,North,TVs,29318,6778
2015,Apr,North,Smartwatches,31156,4804
2015,Apr,South,Laptops,47963,8829
2015,Apr,South,Phones,17184,2825
2015,Apr,South,Tablets,21725,6097
2015,Apr,South,Accessories,15593,2669
2015,Apr,South,TVs,34295,5752
2015,Apr,South,Smartwatches,23411,7081
2015,Apr,East,Laptops,59368,10425
2015,Apr,East,Phones,28405,9147
2015,Apr,East,Tablets,43153,9479
2015,Apr,East,Accessories,37099,9125
2015,Apr,East,TVs,53507,8510
2015,Apr,East,Smartwatches,15719,2393
2015,Apr,West,Laptops,18726,3578
2015,Apr,West,Phones,52921,9718
2015,Apr,West,Tablets,24614,3981
2015,Apr,West,Accessories,43547,13709
2015,Apr,West,TVs,17523,3897
2015,Apr,West,Smartwatches,31504,10179
2015,May,North,Laptops,18056,5419
2015,May,North,Phones,56609,10195
2015,May,North,Tablets,17992,5912
2015,May,North,Accessories,44937,11531
2015,May,North,TVs,51955,10948
2015,May,North,Smartwatches,45483,9884
2015,May,South,Laptops,53693,12498
2015,May,South,Phones,47945,15036
2015,May,South,Tablets,28356,9272
2015,May,South,Accessories,20629,6686
2015,May,South,TVs,56923,16012
2015,May,South,Smartwatches,53723,17030
2015,May,East,Laptops,22690,6105
2015,May,East,Phones,13770,2244
2015,May,East,Tablets,47320,16248
2015,May,East,Accessories,51396,14978
2015,May,East,TVs,39690,8407
2015,May,East,Smartwatches,11215,3278
2015,May,West,Laptops,11887,4110
2015,May,West,Phones,18140,4977
2015,May,West,Tablets,41678,9554
2015,May,West,Accessories,46862,10162
2015,May,West,TVs,51170,10902
2015,May,West,Smartwatches,46730,9600
2015,Jun,North,Laptops,15346,3078
2015,Jun,North,Phones,44147,10548
2015,Jun,North,Tablets,40982,6699
2015,Jun,North,Accessories,35744,7879
2015,Jun,North,TVs,51254,17027
2015,Jun,North,Smartwatches,34866,10231
2015,Jun,South,Laptops,11497,1972
2015,Jun,South,Phones,12295,2461
2015,Jun,South,Tablets,45499,11850
2015,Jun,South,Accessories,40230,9483
2015,Jun,South,TVs,48759,8844
2015,Jun,South,Smartwatches,17652,2889
2015,Jun,East,Laptops,28559,9095
2015,Jun,East,Phones,24825,5357
2015,Jun,East,Tablets,34618,8118
2015,Jun,East,Accessories,53479,12015
2015,Jun,East,TVs,37818,5858
2015,Jun,East,Smartwatches,32098,8173
2015,Jun,West,Laptops,17607,4569
2015,Jun,West,Phones,19378,4638
2015,Jun,West,Tablets,45892,12948
2015,Jun,West,Accessories,45870,15379
2015,Jun,West,TVs,19923,6499
2015,Jun,West,Smartwatches,48150,9664
2015,Jul,North,Laptops,13175,2147
2015,Jul,North,Phones,47802,14903
2015,Jul,North,Tablets,39969,7283
2015,Jul,North,Accessories,53746,12299
2015,Jul,North,TVs,32524,9464
2015,Jul,North,Smartwatches,54087,8810
2015,Jul,South,Laptops,57239,9344
2015,Jul,South,Phones,31246,6270
2015,Jul,South,Tablets,39019,12876
2015,Jul,South,Accessories,44420,11769
2015,Jul,South,TVs,55681,16919
2015,Jul,South,Smartwatches,25079,5290
2015,Jul,East,Laptops,18914,5092
2015,Jul,East,Phones,28614,4925
2015,Jul,East,Tablets,12766,3891
2015,Jul,East,Accessories,18539,3565
2015,Jul,East,TVs,30775,5881
2015,Jul,East,Smartwatches,38334,8601
2015,Jul,West,Laptops,36461,11525
2015,Jul,West,Phones,12629,2793
2015,Jul,West,Tablets,39792,11691
2015,Jul,West,Accessories,20815,7057
2015,Jul,West,TVs,59935,13751
2015,Jul,West,Smartwatches,17830,6239
2015,Aug,North,Laptops,56826,17433
2015,Aug,North,Phones,30598,6111
2015,Aug,North,Tablets,36918,11854
2015,Aug,North,Accessories,50466,13199
2015,Aug,North,TVs,51389,17343
2015,Aug,North,Smartwatches,14976,2628
2015,Aug,South,Laptops,41648,12567
2015,Aug,South,Phones,54559,17857
2015,Aug,South,Tablets,17879,5966
2015,Aug,South,Accessories,17821,5820
2015,Aug,South,TVs,28633,8728
2015,Aug,South,Smartwatches,26951,7668
2015,Aug,East,Laptops,25909,4569
2015,Aug,East,Phones,55696,12182
2015,Aug,East,Tablets,43822,12840
2015,Aug,East,Accessories,43766,11100
2015,Aug,East,TVs,57741,11849
2015,Aug,East,Smartwatches,48210,16330
2015,Aug,West,Laptops,29071,6394
2015,Aug,West,Phones,59886,13506
2015,Aug,West,Tablets,56383,12888
2015,Aug,West,Accessories,36633,11391
2015,Aug,West,TVs,19079,5848
2015,Aug,West,Smartwatches,58669,13572
2015,Sep,North,Laptops,56518,10924
2015,Sep,North,Phones,36559,12045
2015,Sep,North,Tablets,29293,8315
2015,Sep,North,Accessories,27114,6533
2015,Sep,North,TVs,49530,9037
2015,Sep,North,Smartwatches,29222,7402
2015,Sep,South,Laptops,10175,3382
2015,Sep,South,Phones,15389,2793
2015,Sep,South,Tablets,49803,10031
2015,Sep,South,Accessories,51757,14206
2015,Sep,South,TVs,10262,1786
2015,Sep,South,Smartwatches,20999,5596
2015,Sep,East,Laptops,22812,7161
2015,Sep,East,Phones,27075,4739
2015,Sep,East,Tablets,27206,4242
2015,Sep,East,Accessories,22821,6183
2015,Sep,East,TVs,57586,18549
2015,Sep,East,Smartwatches,26865,4718
2015,Sep,West,Laptops,41451,14348
2015,Sep,West,Phones,35313,11616
2015,Sep,West,Tablets,30070,8403
2015,Sep,West,Accessories,18178,4148
2015,Sep,West,TVs,45988,15889
2015,Sep,West,Smartwatches,48818,12459
2015,Oct,North,Laptops,43779,11531
2015,Oct,North,Phones,33207,8717
2015,Oct,North,Tablets,14459,4598
2015,Oct,North,Accessories,38128,9210
2015,Oct,North,TVs,57277,16495
2015,Oct,North,Smartwatches,42604,11286
2015,Oct,South,Laptops,45126,13946
2015,Oct,South,Phones,47343,12728
2015,Oct,South,Tablets,28959,8318
2015,Oct,South,Accessories,19932,4538
2015,Oct,South,TVs,11928,4107
2015,Oct,South,Smartwatches,21939,5630
2015,Oct,East,Laptops,31570,8777
2015,Oct,East,Phones,29795,9755
2015,Oct,East,Tablets,50049,10878
2015,Oct,East,Accessories,49807,13415
2015,Oct,East,TVs,47071,15751
2015,Oct,East,Smartwatches,15914,5095
2015,Oct,West,Laptops,12076,2653
2015,Oct,West,Phones,24405,6474
2015,Oct,West,Tablets,14881,2835
2015,Oct,West,Accessories,16984,3997
2015,Oct,West,TVs,21943,6360
2015,Oct,West,Smartwatches,15896,3214
2015,Nov,North,Laptops,50187,13247
2015,Nov,North,Phones,58570,15359
2015,Nov,North,Tablets,50147,8839
2015,Nov,North,Accessories,45886,13612
2015,Nov,North,TVs,19558,4316
2015,Nov,North,Smartwatches,41920,6829
2015,Nov,South,Laptops,35818,11384
2015,Nov,South,Phones,26509,6679
2015,Nov,South,Tablets,56923,15355
2015,Nov,South,Accessories,49882,7846
2015,Nov,South,TVs,26979,6329
2015,Nov,South,Smartwatches,33274,5327
2015,Nov,East,Laptops,34138,6585
2015,Nov,East,Phones,38197,9857
2015,Nov,East,Tablets,21349,5819
2015,Nov,East,Accessories,19022,5517
2015,Nov,East,TVs,46574,12400
2015,Nov,East,Smartwatches,55182,15238
2015,Nov,West,Laptops,16445,3138
2015,Nov,West,Phones,28372,4281
2015,Nov,West,Tablets,10184,1730
2015,Nov,West,Accessories,21407,4586
2015,Nov,West,TVs,53758,10539
2015,Nov,West,Smartwatches,26731,8334
2015,Dec,North,Laptops,21632,4454
2015,Dec,North,Phones,50502,16192
2015,Dec,North,Tablets,50308,14775
2015,Dec,North,Accessories,49526,16850
2015,Dec,North,TVs,18200,2761
2015,Dec,North,Smartwatches,46178,10319
2015,Dec,South,Laptops,11861,2253
2015,Dec,South,Phones,15401,3089
2015,Dec,South,Tablets,15734,4683
2015,Dec,South,Accessories,13352,2774
2015,Dec,South,TVs,57079,16991
2015,Dec,South,Smartwatches,31204,7343
2015,Dec,East,Laptops,33882,10794
2015,Dec,East,Phones,57049,14757
2015,Dec,East,Tablets,41588,6507
2015,Dec,East,Accessories,31894,8703
2015,Dec,East,TVs,41267,9936
2015,Dec,East,Smartwatches,24983,5923
2015,Dec,West,Laptops,18036,5300
2015,Dec,West,Phones,53062,12664
2015,Dec,West,Tablets,52935,10966
2015,Dec,West,Accessories,54861,17354
2015,Dec,West,TVs,44786,15553
2015,Dec,West,Smartwatches,12410,2664
2016,Jan,North,Laptops,52050,11547
2016,Jan,North,Phones,37522,11827
2016,Jan,North,Tablets,18417,6377
2016,Jan,North,Accessories,41693,14395
2016,Jan,North,TVs,48385,9171
2016,Jan,North,Smartwatches,54001,9792
2016,Jan,South,Laptops,34546,8825
2016,Jan,South,Phones,48187,13676
2016,Jan,South,Tablets,20470,6536
2016,Jan,South,Accessories,50826,9184
2016,Jan,South,TVs,34714,10733
2016,Jan,South,Smartwatches,42024,14148
2016,Jan,East,Laptops,21051,4111
2016,Jan,East,Phones,37911,12644
2016,Jan,East,Tablets,33265,6454
2016,Jan,East,Accessories,55207,12590
2016,Jan,East,TVs,31052,10273
2016,Jan,East,Smartwatches,37338,8144
2016,Jan,West,Laptops,48101,14249
2016,Jan,West,Phones,25385,4385
2016,Jan,West,Tablets,50090,16933
2016,Jan,West,Accessories,49594,11093
2016,Jan,West,TVs,57265,13058
2016,Jan,West,Smartwatches,16580,5780
2016,Feb,North,Laptops,11855,2681
2016,Feb,North,Phones,29969,5417
2016,Feb,North,Tablets,39811,6842
2016,Feb,North,Accessories,22642,7567
2016,Feb,North,TVs,29724,8452
2016,Feb,North,Smartwatches,46829,7237
2016,Feb,South,Laptops,18203,6235
2016,Feb,South,Phones,24436,4478
2016,Feb,South,Tablets,40437,11428
2016,Feb,South,Accessories,57699,17647
2016,Feb,South,TVs,41780,8076
2016,Feb,South,Smartwatches,13552,3724
2016,Feb,East,Laptops,54718,14760
2016,Feb,East,Phones,55339,14659
2016,Feb,East,Tablets,16015,4563
2016,Feb,East,Accessories,44464,14120
2016,Feb,East,TVs,33572,10901
2016,Feb,East,Smartwatches,27949,4537
2016,Feb,West,Laptops,11443,3401
2016,Feb,West,Phones,27763,4995
2016,Feb,West,Tablets,45256,15728
2016,Feb,West,Accessories,54591,16464
2016,Feb,West,TVs,35318,9089
2016,Feb,West,Smartwatches,50249,10642
2016,Mar,North,Laptops,30659,5995
2016,Mar,North,Phones,13556,4490
2016,Mar,North,Tablets,15465,3659
2016,Mar,North,Accessories,14609,3743
2016,Mar,North,TVs,27917,4345
2016,Mar,North,Smartwatches,16599,4904
2016,Mar,South,Laptops,48618,10801
2016,Mar,South,Phones,21852,5167
2016,Mar,South,Tablets,53697,9042
2016,Mar,South,Accessories,47341,15168
2016,Mar,South,TVs,19809,4630
2016,Mar,South,Smartwatches,44240,12028
2016,Mar,East,Laptops,40892,9509
2016,Mar,East,Phones,30500,6080
2016,Mar,East,Tablets,40566,12193
2016,Mar,East,Accessories,33143,9442
2016,Mar,East,TVs,33357,6080
2016,Mar,East,Smartwatches,57546,19808
2016,Mar,West,Laptops,21545,5394
2016,Mar,West,Phones,53954,11199
2016,Mar,West,Tablets,57088,15126
2016,Mar,West,Accessories,13041,3611
2016,Mar,West,TVs,37219,10263
2016,Mar,West,Smartwatches,57254,12788
2016,Apr,North,Laptops,14209,4826
2016,Apr,North,Phones,57913,9146
2016,Apr,North,Tablets,52941,15085
2016,Apr,North,Accessories,22938,7870
2016,Apr,North,TVs,19478,5203
2016,Apr,North,Smartwatches,43379,8336
2016,Apr,South,Laptops,31265,4950
2016,Apr,South,Phones,36785,9839
2016,Apr,South,Tablets,17208,3001
2016,Apr,South,Accessories,40330,9096
2016,Apr,South,TVs,57223,10286
2016,Apr,South,Smartwatches,23165,5948
2016,Apr,East,Laptops,59574,12408
2016,Apr,East,Phones,53235,13270
2016,Apr,East,Tablets,59426,20358
2016,Apr,East,Accessories,33127,8270
2016,Apr,East,TVs,23828,7714
2016,Apr,East,Smartwatches,31658,10669
2016,Apr,West,Laptops,46437,9448
2016,Apr,West,Phones,19049,3068
2016,Apr,West,Tablets,38510,8786
2016,Apr,West,Accessories,47113,15041
2016,Apr,West,TVs,10943,3040
2016,Apr,West,Smartwatches,20289,3791
2016,May,North,Laptops,58513,11942
2016,May,North,Phones,19107,6089
2016,May,North,Tablets,54978,14143
2016,May,North,Accessories,57746,11602
2016,May,North,TVs,15747,2583
2016,May,North,Smartwatches,19399,2924
2016,May,South,Laptops,27308,6147
2016,May,South,Phones,41925,10375
2016,May,South,Tablets,21828,6960
2016,May,South,Accessories,23100,7752
2016,May,South,TVs,34779,9830
2016,May,South,Smartwatches,34046,5223
2016,May,East,Laptops,13565,4724
2016,May,East,Phones,37834,7422
2016,May,East,Tablets,28771,4576
2016,May,East,Accessories,33952,9007
2016,May,East,TVs,15090,5120
2016,May,East,Smartwatches,14381,4991
2016,May,West,Laptops,53181,12307
2016,May,West,Phones,13160,2400
2016,May,West,Tablets,20504,5974
2016,May,West,Accessories,26073,5068
2016,May,West,TVs,44108,9867
2016,May,West,Smartwatches,50590,16575
2016,Jun,North,Laptops,12262,4141
2016,Jun,North,Phones,51245,15884
2016,Jun,North,Tablets,49471,12291
2016,Jun,North,Accessories,45704,11814
2016,Jun,North,TVs,41600,8480
2016,Jun,North,Smartwatches,53467,17030
2016,Jun,South,Laptops,16499,3827
2016,Jun,South,Phones,23340,6499
2016,Jun,South,Tablets,58105,15712
2016,Jun,South,Accessories,17621,4585
2016,Jun,South,TVs,38368,8116
2016,Jun,South,Smartwatches,43350,10287
2016,Jun,East,Laptops,21285,5390
2016,Jun,East,Phones,42294,12345
2016,Jun,East,Tablets,50412,8427
2016,Jun,East,Accessories,40191,8955
2016,Jun,East,TVs,12713,4446
2016,Jun,East,Smartwatches,14465,4433
2016,Jun,West,Laptops,39270,7624
2016,Jun,West,Phones,40875,8536
2016,Jun,West,Tablets,22576,5822
2016,Jun,West,Accessories,40700,10226
2016,Jun,West,TVs,47014,7902
2016,Jun,West,Smartwatches,15076,2780
2016,Jul,North,Laptops,35923,9693
2016,Jul,North,Phones,30066,6793
2016,Jul,North,Tablets,47277,11475
2016,Jul,North,Accessories,26384,8648
2016,Jul,North,TVs,51522,15288
2016,Jul,North,Smartwatches,36978,9560
2016,Jul,South,Laptops,30984,10360
2016,Jul,South,Phones,51732,17901
2016,Jul,South,Tablets,42999,6774
2016,Jul,South,Accessories,28334,7649
2016,Jul,South,TVs,41390,11139
2016,Jul,South,Smartwatches,45085,10134
2016,Jul,East,Laptops,52108,10206
2016,Jul,East,Phones,12118,2737
2016,Jul,East,Tablets,39446,9417
2016,Jul,East,Accessories,55734,10292
2016,Jul,East,TVs,31544,6771
2016,Jul,East,Smartwatches,11722,2756
2016,Jul,West,Laptops,45419,7303
2016,Jul,West,Phones,17252,2826
2016,Jul,West,Tablets,40670,8507
2016,Jul,West,Accessories,15499,3385
2016,Jul,West,TVs,54485,15604
2016,Jul,West,Smartwatches,32977,5545
2016,Aug,North,Laptops,12451,3280
2016,Aug,North,Phones,35324,9954
2016,Aug,North,Tablets,46483,16027
2016,Aug,North,Accessories,32234,8645
2016,Aug,North,TVs,56299,11660
2016,Aug,North,Smartwatches,33647,11180
2016,Aug,South,Laptops,53975,10391
2016,Aug,South,Phones,39695,13185
2016,Aug,South,Tablets,36611,7495
2016,Aug,South,Accessories,30834,5045
2016,Aug,South,TVs,57803,12026
2016,Aug,South,Smartwatches,40599,14090
2016,Aug,East,Laptops,12534,2881
2016,Aug,East,Phones,22819,7344
2016,Aug,East,Tablets,22692,7264
2016,Aug,East,Accessories,16307,3308
2016,Aug,East,TVs,40735,10218
2016,Aug,East,Smartwatches,44049,8462
2016,Aug,West,Laptops,22405,6855
2016,Aug,West,Phones,53181,10085
2016,Aug,West,Tablets,24450,7263
2016,Aug,West,Accessories,56367,19475
2016,Aug,West,TVs,20667,6626
2016,Aug,West,Smartwatches,22456,7783
2016,Sep,North,Laptops,33949,10234
2016,Sep,North,Phones,37389,10809
2016,Sep,North,Tablets,43608,6562
2016,Sep,North,Accessories,57509,18639
2016,Sep,North,TVs,44474,14079
2016,Sep,North,Smartwatches,51400,17779
2016,Sep,South,Laptops,16255,2475
2016,Sep,South,Phones,41414,11144
2016,Sep,South,Tablets,54424,15194
2016,Sep,South,Accessories,43882,10076
2016,Sep,South,TVs,59031,19034
2016,Sep,South,Smartwatches,58691,11416
2016,Sep,East,Laptops,53271,11729
2016,Sep,East,Phones,47734,14446
2016,Sep,East,Tablets,24333,4393
2016,Sep,East,Accessories,31153,6757
2016,Sep,East,TVs,48185,16679
2016,Sep,East,Smartwatches,50166,9157
2016,Sep,West,Laptops,31260,6072
2016,Sep,West,Phones,53250,12779
2016,Sep,West,Tablets,33085,9626
2016,Sep,West,Accessories,46708,8426
2016,Sep,West,TVs,32323,9530
2016,Sep,West,Smartwatches,17530,5664
2016,Oct,North,Laptops,22879,5750
2016,Oct,North,Phones,32834,8227
2016,Oct,North,Tablets,57812,14003
2016,Oct,North,Accessories,29307,8913
2016,Oct,North,TVs,19886,5866
2016,Oct,North,Smartwatches,16033,3338
2016,Oct,South,Laptops,10382,2436
2016,Oct,South,Phones,48334,14953
2016,Oct,South,Tablets,49493,14142
2016,Oct,South,Accessories,38213,8407
2016,Oct,South,TVs,58837,10337
2016,Oct,South,Smartwatches,10309,1673
2016,Oct,East,Laptops,23020,7901
2016,Oct,East,Phones,20473,5522
2016,Oct,East,Tablets,24689,4491
2016,Oct,East,Accessories,19515,4821
2016,Oct,East,TVs,42470,11307
2016,Oct,East,Smartwatches,21799,3775
2016,Oct,West,Laptops,22918,7946
2016,Oct,West,Phones,59131,13164
2016,Oct,West,Tablets,38789,10096
2016,Oct,West,Accessories,49059,9199
2016,Oct,West,TVs,31991,10834
2016,Oct,West,Smartwatches,51961,17082
2016,Nov,North,Laptops,29473,9023
2016,Nov,North,Phones,55314,19230
2016,Nov,North,Tablets,36463,10073
2016,Nov,North,Accessories,17932,3192
2016,Nov,North,TVs,34892,11073
2016,Nov,North,Smartwatches,30668,10230
2016,Nov,South,Laptops,55086,14439
2016,Nov,South,Phones,24689,3726
2016,Nov,South,Tablets,36035,7087
2016,Nov,South,Accessories,19950,4109
2016,Nov,South,TVs,56611,14538
2016,Nov,South,Smartwatches,27683,6572
2016,Nov,East,Laptops,57872,11496
2016,Nov,East,Phones,27872,7339
2016,Nov,East,Tablets,15867,2432
2016,Nov,East,Accessories,56031,17555
2016,Nov,East,TVs,41056,8358
2016,Nov,East,Smartwatches,34903,8952
2016,Nov,West,Laptops,11702,2435
2016,Nov,West,Phones,40282,7794
2016,Nov,West,Tablets,46776,8472
2016,Nov,West,Accessories,53629,13635
2016,Nov,West,TVs,15944,2737
2016,Nov,West,Smartwatches,32292,10253
2016,Dec,North,Laptops,28102,5299
2016,Dec,North,Phones,45158,9943
2016,Dec,North,Tablets,37318,13045
2016,Dec,North,Accessories,40436,11184
2016,Dec,North,TVs,21889,5342
2016,Dec,North,Smartwatches,30830,5154
2016,Dec,South,Laptops,48398,13837
2016,Dec,South,Phones,13708,2901
2016,Dec,South,Tablets,32462,10109
2016,Dec,South,Accessories,49131,9845
2016,Dec,South,TVs,41951,10855
2016,Dec,South,Smartwatches,15078,3969
2016,Dec,East,Laptops,27547,9126
2016,Dec,East,Phones,54580,16966
2016,Dec,East,Tablets,36666,10041
2016,Dec,East,Accessories,59059,13423
2016,Dec,East,TVs,13448,3559
2016,Dec,East,Smartwatches,13557,3169
2016,Dec,West,Laptops,29688,6816
2016,Dec,West,Phones,12879,2362
2016,Dec,West,Tablets,51703,10996
2016,Dec,West,Accessories,56110,16532
2016,Dec,West,TVs,57105,19443
2016,Dec,West,Smartwatches,26306,5081
2017,Jan,North,Laptops,32596,8473
2017,Jan,North,Phones,34513,8244
2017,Jan,North,Tablets,31980,7549
2017,Jan,North,Accessories,46634,13922
2017,Jan,North,TVs,50371,14506
2017,Jan,North,Smartwatches,32322,6496
2017,Jan,South,Laptops,11644,3513
2017,Jan,South,Phones,25356,8145
2017,Jan,South,Tablets,28942,6013
2017,Jan,South,Accessories,59988,9539
2017,Jan,South,TVs,43050,12449
2017,Jan,South,Smartwatches,26102,6809
2017,Jan,East,Laptops,49319,14082
2017,Jan,East,Phones,58568,11605
2017,Jan,East,Tablets,48625,15032
2017,Jan,East,Accessories,37917,6115
2017,Jan,East,TVs,45945,15713
2017,Jan,East,Smartwatches,40790,14246
2017,Jan,West,Laptops,44629,10389
2017,Jan,West,Phones,30397,8220
2017,Jan,West,Tablets,14718,3099
2017,Jan,West,Accessories,12152,4109
2017,Jan,West,TVs,21901,5593
2017,Jan,West,Smartwatches,35423,6522
2017,Feb,North,Laptops,53320,8945
2017,Feb,North,Phones,55514,14199
2017,Feb,North,Tablets,35675,8870
2017,Feb,North,Accessories,40042,11631
2017,Feb,North,TVs,34774,8399
2017,Feb,North,Smartwatches,26579,4047
2017,Feb,South,Laptops,49021,10861
2017,Feb,South,Phones,50793,10351
2017,Feb,South,Tablets,35295,10058
2017,Feb,South,Accessories,13979,3869
2017,Feb,South,TVs,54613,15907
2017,Feb,South,Smartwatches,43949,9745
2017,Feb,East,Laptops,13045,3183
2017,Feb,East,Phones,51804,8965
2017,Feb,East,Tablets,53308,15145
2017,Feb,East,Accessories,15650,2784
2017,Feb,East,TVs,34043,6385
2017,Feb,East,Smartwatches,12624,2704
2017,Feb,West,Laptops,50309,17405
2017,Feb,West,Phones,57683,17530
2017,Feb,West,Tablets,27038,6890
2017,Feb,West,Accessories,23389,7095
2017,Feb,West,TVs,40141,10335
2017,Feb,West,Smartwatches,59016,15355
2017,Mar,North,Laptops,45997,12596
2017,Mar,North,Phones,49970,8262
2017,Mar,North,Tablets,10166,2373
2017,Mar,North,Accessories,58848,16382
2017,Mar,North,TVs,14683,3697
2017,Mar,North,Smartwatches,35433,5904
2017,Mar,South,Laptops,11183,2576
2017,Mar,South,Phones,38289,13045
2017,Mar,South,Tablets,41327,7213
2017,Mar,South,Accessories,28858,9553
2017,Mar,South,TVs,36877,9184
2017,Mar,South,Smartwatches,54157,16504
2017,Mar,East,Laptops,43150,11442
2017,Mar,East,Phones,18952,3490
2017,Mar,East,Tablets,25093,5230
2017,Mar,East,Accessories,22983,6094
2017,Mar,East,TVs,37292,12919
2017,Mar,East,Smartwatches,51024,13552
2017,Mar,West,Laptops,48414,15085
2017,Mar,West,Phones,19965,3811
2017,Mar,West,Tablets,39376,7890
2017,Mar,West,Accessories,49122,11205
2017,Mar,West,TVs,49920,9940
2017,Mar,West,Smartwatches,34654,6939
2017,Apr,North,Laptops,54089,8864
2017,Apr,North,Phones,13814,4490
2017,Apr,North,Tablets,16067,3781
2017,Apr,North,Accessories,33663,6483
2017,Apr,North,TVs,29471,7251
2017,Apr,North,Smartwatches,45243,11980
2017,Apr,South,Laptops,16208,2963
2017,Apr,South,Phones,44750,15013
2017,Apr,South,Tablets,18325,4171
2017,Apr,South,Accessories,45590,15946
2017,Apr,South,TVs,41195,8234
2017,Apr,South,Smartwatches,11296,2050
2017,Apr,East,Laptops,49189,15408
2017,Apr,East,Phones,25957,5391
2017,Apr,East,Tablets,51329,14799
2017,Apr,East,Accessories,46672,9420
2017,Apr,East,TVs,55398,19264
2017,Apr,East,Smartwatches,46478,9860
2017,Apr,West,Laptops,49389,16814
2017,Apr,West,Phones,36016,11769
2017,Apr,West,Tablets,54160,18452
2017,Apr,West,Accessories,36737,10065
2017,Apr,West,TVs,21254,5181
2017,Apr,West,Smartwatches,55011,10367
2017,May,North,Laptops,39290,10017
2017,May,North,Phones,42004,13582
2017,May,North,Tablets,42377,11233
2017,May,North,Accessories,41197,8188
2017,May,North,TVs,13173,2681
2017,May,North,Smartwatches,29109,7976
2017,May,South,Laptops,23089,4812
2017,May,South,Phones,16972,5462
2017,May,South,Tablets,23588,4987
2017,May,South,Accessories,44151,8470
2017,May,South,TVs,11986,1968
2017,May,South,Smartwatches,38972,8249
2017,May,East,Laptops,57160,15342
2017,May,East,Phones,53069,13591
2017,May,East,Tablets,45085,9710
2017,May,East,Accessories,41976,11965
2017,May,East,TVs,42383,13179
2017,May,East,Smartwatches,49508,10360
2017,May,West,Laptops,22641,6577
2017,May,West,Phones,46865,10055
2017,May,West,Tablets,29265,7669
2017,May,West,Accessories,13378,2009
2017,May,West,TVs,22469,7493
2017,May,West,Smartwatches,51176,11576
2017,Jun,North,Laptops,46868,15390
2017,Jun,North,Phones,47069,15916
2017,Jun,North,Tablets,56004,10469
2017,Jun,North,Accessories,15828,5021
2017,Jun,North,TVs,58224,19512
2017,Jun,North,Smartwatches,11596,3787
2017,Jun,South,Laptops,39032,10394
2017,Jun,South,Phones,52015,11265
2017,Jun,South,Tablets,50126,8901
2017,Jun,South,Accessories,32310,5388
2017,Jun,South,TVs,40703,11051
2017,Jun,South,Smartwatches,20249,7016
2017,Jun,East,Laptops,32862,10867
2017,Jun,East,Phones,11958,4037
2017,Jun,East,Tablets,34513,8033
2017,Jun,East,Accessories,30286,5808
2017,Jun,East,TVs,23149,6176
2017,Jun,East,Smartwatches,39447,12135
2017,Jun,West,Laptops,40703,10669
2017,Jun,West,Phones,45680,8615
2017,Jun,West,Tablets,50046,15118
2017,Jun,West,Accessories,48675,11389
2017,Jun,West,TVs,44064,14596
2017,Jun,West,Smartwatches,57298,9575
2017,Jul,North,Laptops,51744,15415
2017,Jul,North,Phones,53771,18258
2017,Jul,North,Tablets,50803,17336
2017,Jul,North,Accessories,56528,14094
2017,Jul,North,TVs,15830,4940
2017,Jul,North,Smartwatches,22163,4208
2017,Jul,South,Laptops,44023,9313
2017,Jul,South,Phones,36560,9340
2017,Jul,South,Tablets,40060,7578
2017,Jul,South,Accessories,24095,4049
2017,Jul,South,TVs,31816,8746
2017,Jul,South,Smartwatches,21257,6449
2017,Jul,East,Laptops,49038,11820
2017,Jul,East,Phones,14330,4148
2017,Jul,East,Tablets,23952,6950
2017,Jul,East,Accessories,15533,2650
2017,Jul,East,TVs,49471,14507
2017,Jul,East,Smartwatches,27404,8838
2017,Jul,West,Laptops,47635,11707
2017,Jul,West,Phones,28731,5175
2017,Jul,West,Tablets,16870,3452
2017,Jul,West,Accessories,18466,6230
2017,Jul,West,TVs,47640,16499
2017,Jul,West,Smartwatches,31271,10494
2017,Aug,North,Laptops,55504,13086
2017,Aug,North,Phones,58789,10879
2017,Aug,North,Tablets,57667,17622
2017,Aug,North,Accessories,33202,8364
2017,Aug,North,TVs,39772,8394
2017,Aug,North,Smartwatches,50784,16877
2017,Aug,South,Laptops,12193,1862
2017,Aug,South,Phones,47303,7670
2017,Aug,South,Tablets,44583,10152
2017,Aug,South,Accessories,59170,18269
2017,Aug,South,TVs,20896,5878
2017,Aug,South,Smartwatches,45641,15503
2017,Aug,East,Laptops,39779,7599
2017,Aug,East,Phones,25393,8089
2017,Aug,East,Tablets,49907,9262
2017,Aug,East,Accessories,59076,16499
2017,Aug,East,TVs,45366,8637
2017,Aug,East,Smartwatches,45044,13227
2017,Aug,West,Laptops,49967,9635
2017,Aug,West,Phones,32916,8799
2017,Aug,West,Tablets,44510,11293
2017,Aug,West,Accessories,23102,5481
2017,Aug,West,TVs,56130,16587
2017,Aug,West,Smartwatches,35661,10323
2017,Sep,North,Laptops,25253,7816
2017,Sep,North,Phones,30542,6197
2017,Sep,North,Tablets,42572,11329
2017,Sep,North,Accessories,52677,12465
2017,Sep,North,TVs,59779,9229
2017,Sep,North,Smartwatches,16376,4367
2017,Sep,South,Laptops,21654,7204
2017,Sep,South,Phones,23269,7722
2017,Sep,South,Tablets,36307,12339
2017,Sep,South,Accessories,15586,4800
2017,Sep,South,TVs,36075,6459
2017,Sep,South,Smartwatches,46508,8205
2017,Sep,East,Laptops,13661,2058
2017,Sep,East,Phones,27299,4590
2017,Sep,East,Tablets,42103,9093
2017,Sep,East,Accessories,46756,7149
2017,Sep,East,TVs,29935,6747
2017,Sep,East,Smartwatches,58010,18757
2017,Sep,West,Laptops,57105,12244
2017,Sep,West,Phones,43370,13795
2017,Sep,West,Tablets,21140,7178
2017,Sep,West,Accessories,24851,6868
2017,Sep,West,TVs,31044,6288
2017,Sep,West,Smartwatches,49308,9356
2017,Oct,North,Laptops,28552,5486
2017,Oct,North,Phones,30557,7156
2017,Oct,North,Tablets,47282,14052
2017,Oct,North,Accessories,34092,8013
2017,Oct,North,TVs,12980,2051
2017,Oct,North,Smartwatches,46158,10270
2017,Oct,South,Laptops,16344,2606
2017,Oct,South,Phones,42564,13893
2017,Oct,South,Tablets,33481,8192
2017,Oct,South,Accessories,23887,5108
2017,Oct,South,TVs,13594,2738
2017,Oct,South,Smartwatches,42070,11881
2017,Oct,East,Laptops,43630,7297
2017,Oct,East,Phones,39591,12723
2017,Oct,East,Tablets,16738,4871
2017,Oct,East,Accessories,28052,8528
2017,Oct,East,TVs,23175,5041
2017,Oct,East,Smartwatches,39790,12259
2017,Oct,West,Laptops,37428,12086
2017,Oct,West,Phones,11417,2362
2017,Oct,West,Tablets,20804,4143
2017,Oct,West,Accessories,56732,12606
2017,Oct,West,TVs,44819,11275
2017,Oct,West,Smartwatches,56948,10516
2017,Nov,North,Laptops,21185,5792
2017,Nov,North,Phones,44096,14905
2017,Nov,North,Tablets,25368,5426
2017,Nov,North,Accessories,50061,12215
2017,Nov,North,TVs,27729,6542
2017,Nov,North,Smartwatches,16904,3324
2017,Nov,South,Laptops,17342,4267
2017,Nov,South,Phones,43849,13565
2017,Nov,South,Tablets,54662,13068
2017,Nov,South,Accessories,25114,5484
2017,Nov,South,TVs,57550,17207
2017,Nov,South,Smartwatches,18959,5488
2017,Nov,East,Laptops,35701,7538
2017,Nov,East,Phones,16027,5454
2017,Nov,East,Tablets,16938,5251
2017,Nov,East,Accessories,53412,9388
2017,Nov,East,TVs,52804,12494
2017,Nov,East,Smartwatches,45672,7979
2017,Nov,West,Laptops,41101,8360
2017,Nov,West,Phones,56054,11682
2017,Nov,West,Tablets,48140,7430
2017,Nov,West,Accessories,13413,2888
2017,Nov,West,TVs,54600,17472
2017,Nov,West,Smartwatches,34910,5453
2017,Dec,North,Laptops,54718,12682
2017,Dec,North,Phones,58880,17809
2017,Dec,North,Tablets,54957,17482
2017,Dec,North,Accessories,15668,3135
2017,Dec,North,TVs,48335,15344
2017,Dec,North,Smartwatches,26480,5623
2017,Dec,South,Laptops,25826,5972
2017,Dec,South,Phones,16502,3388
2017,Dec,South,Tablets,29480,5452
2017,Dec,South,Accessories,32466,9647
2017,Dec,South,TVs,24985,6525
2017,Dec,South,Smartwatches,25812,4506
2017,Dec,East,Laptops,20890,5820
2017,Dec,East,Phones,24705,6216
2017,Dec,East,Tablets,43082,13374
2017,Dec,East,Accessories,45694,12025
2017,Dec,East,TVs,24140,6495
2017,Dec,East,Smartwatches,35339,8272
2017,Dec,West,Laptops,18470,4570
2017,Dec,West,Phones,39300,12600
2017,Dec,West,Tablets,44457,15005
2017,Dec,West,Accessories,32674,5805
2017,Dec,West,TVs,52124,16416
2017,Dec,West,Smartwatches,52328,17317
2018,Jan,North,Laptops,57412,9577
2018,Jan,North,Phones,39727,8526
2018,Jan,North,Tablets,36302,6683
2018,Jan,North,Accessories,48157,13094
2018,Jan,North,TVs,15275,5142
2018,Jan,North,Smartwatches,22619,4421
2018,Jan,South,Laptops,17270,3982
2018,Jan,South,Phones,22313,3828
2018,Jan,South,Tablets,14953,2993
2018,Jan,South,Accessories,21777,5271
2018,Jan,South,TVs,19919,5452
2018,Jan,South,Smartwatches,55859,15903
2018,Jan,East,Laptops,38706,7165
2018,Jan,East,Phones,33273,10677
2018,Jan,East,Tablets,54981,12594
2018,Jan,East,Accessories,44463,12799
2018,Jan,East,TVs,26302,4351
2018,Jan,East,Smartwatches,25192,8309
2018,Jan,West,Laptops,18147,5767
2018,Jan,West,Phones,31346,8302
2018,Jan,West,Tablets,14488,3943
2018,Jan,West,Accessories,25407,6883
2018,Jan,West,TVs,20069,4083
2018,Jan,West,Smartwatches,56626,16742
2018,Feb,North,Laptops,53623,13671
2018,Feb,North,Phones,33140,6205
2018,Feb,North,Tablets,51384,9938
2018,Feb,North,Accessories,28883,8656
2018,Feb,North,TVs,13624,2162
2018,Feb,North,Smartwatches,57156,15688
2018,Feb,South,Laptops,23566,4644
2018,Feb,South,Phones,31392,6171
2018,Feb,South,Tablets,23690,5807
2018,Feb,South,Accessories,42358,12362
2018,Feb,South,TVs,35357,11238
2018,Feb,South,Smartwatches,48984,15555
2018,Feb,East,Laptops,12513,1918
2018,Feb,East,Phones,58281,15827
2018,Feb,East,Tablets,16072,2842
2018,Feb,East,Accessories,57428,16618
2018,Feb,East,TVs,53051,18275
2018,Feb,East,Smartwatches,55497,8336
2018,Feb,West,Laptops,17770,3793
2018,Feb,West,Phones,31195,8541
2018,Feb,West,Tablets,13186,2609
2018,Feb,West,Accessories,21579,5941
2018,Feb,West,TVs,17778,3136
2018,Feb,West,Smartwatches,28567,8147
2018,Mar,North,Laptops,46881,10853
2018,Mar,North,Phones,16448,3334
2018,Mar,North,Tablets,27272,7171
2018,Mar,North,Accessories,52400,10590
2018,Mar,North,TVs,27802,7491
2018,Mar,North,Smartwatches,46161,15665
2018,Mar,South,Laptops,30261,8461
2018,Mar,South,Phones,51879,17947
2018,Mar,South,Tablets,56490,17886
2018,Mar,South,Accessories,52232,13749
2018,Mar,South,TVs,42374,7431
2018,Mar,South,Smartwatches,56243,18491
2018,Mar,East,Laptops,27093,6680
2018,Mar,East,Phones,54436,12725
2018,Mar,East,Tablets,42701,11822
2018,Mar,East,Accessories,18166,3843
2018,Mar,East,TVs,51442,15150
2018,Mar,East,Smartwatches,25650,7947
2018,Mar,West,Laptops,35484,5646
2018,Mar,West,Phones,38629,10289
2018,Mar,West,Tablets,55072,16904
2018,Mar,West,Accessories,22968,6659
2018,Mar,West,TVs,52438,15423
2018,Mar,West,Smartwatches,29777,7588
2018,Apr,North,Laptops,20118,6506
2018,Apr,North,Phones,43521,9209
2018,Apr,North,Tablets,40601,7573
2018,Apr,North,Accessories,24746,3825
2018,Apr,North,TVs,55069,18228
2018,Apr,North,Smartwatches,51978,11006
2018,Apr,South,Laptops,28559,4374
2018,Apr,South,Phones,48786,16874
2018,Apr,South,Tablets,58198,14728
2018,Apr,South,Accessories,43190,13458
2018,Apr,South,TVs,17674,5148
2018,Apr,South,Smartwatches,28424,7720
2018,Apr,East,Laptops,24670,8381
2018,Apr,East,Phones,53924,17335
2018,Apr,East,Tablets,46851,9312
2018,Apr,East,Accessories,21642,5670
2018,Apr,East,TVs,48953,7591
2018,Apr,East,Smartwatches,27184,8904
2018,Apr,West,Laptops,35543,5375
2018,Apr,West,Phones,46073,14779
2018,Apr,West,Tablets,58774,17175
2018,Apr,West,Accessories,40366,12553
2018,Apr,West,TVs,49633,15819
2018,Apr,West,Smartwatches,19348,4885
2018,May,North,Laptops,58905,17044
2018,May,North,Phones,41639,11390
2018,May,North,Tablets,22620,6287
2018,May,North,Accessories,39315,12891
2018,May,North,TVs,32690,7252
2018,May,North,Smartwatches,10306,2342
2018,May,South,Laptops,10757,1858
2018,May,South,Phones,22648,6121
2018,May,South,Tablets,53465,8053
2018,May,South,Accessories,21486,5327
2018,May,South,TVs,22593,5812
2018,May,South,Smartwatches,11483,2657
2018,May,East,Laptops,44732,11399
2018,May,East,Phones,11563,2863
2018,May,East,Tablets,46368,14975
2018,May,East,Accessories,20592,6084
2018,May,East,TVs,45371,7539
2018,May,East,Smartwatches,22325,5947
2018,May,West,Laptops,49619,7799
2018,May,West,Phones,56276,17335
2018,May,West,Tablets,17751,3826
2018,May,West,Accessories,56865,12136
2018,May,West,TVs,25722,7475
2018,May,West,Smartwatches,13522,2732
2018,Jun,North,Laptops,22187,7118
2018,Jun,North,Phones,35340,7964
2018,Jun,North,Tablets,14141,2920
2018,Jun,North,Accessories,51306,16718
2018,Jun,North,TVs,12402,3047
2018,Jun,North,Smartwatches,38368,7942
2018,Jun,South,Laptops,32863,5157
2018,Jun,South,Phones,58696,17528
2018,Jun,South,Tablets,58343,20216
2018,Jun,South,Accessories,47583,15247
2018,Jun,South,TVs,48958,13530
2018,Jun,South,Smartwatches,40140,7930
2018,Jun,East,Laptops,28553,4836
2018,Jun,East,Phones,20329,6850
2018,Jun,East,Tablets,15309,4985
2018,Jun,East,Accessories,18428,5058
2018,Jun,East,TVs,29877,9586
2018,Jun,East,Smartwatches,14892,3092
2018,Jun,West,Laptops,21784,6212
2018,Jun,West,Phones,48530,12523
2018,Jun,West,Tablets,35560,7577
2018,Jun,West,Accessories,48934,13225
2018,Jun,West,TVs,58125,12987
2018,Jun,West,Smartwatches,17802,5358
2018,Jul,North,Laptops,24355,6940
2018,Jul,North,Phones,12198,2076
2018,Jul,North,Tablets,59844,17819
2018,Jul,North,Accessories,46137,7572
2018,Jul,North,TVs,39127,8278
2018,Jul,North,Smartwatches,13179,3308
2018,Jul,South,Laptops,52717,12671
2018,Jul,South,Phones,27601,5621
2018,Jul,South,Tablets,54480,12469
2018,Jul,South,Accessories,22565,3824
2018,Jul,South,TVs,58636,17423
2018,Jul,South,Smartwatches,28397,8548
2018,Jul,East,Laptops,44137,15041
2018,Jul,East,Phones,19386,6061
2018,Jul,East,Tablets,46470,9333
2018,Jul,East,Accessories,37497,6929
2018,Jul,East,TVs,18114,3614
2018,Jul,East,Smartwatches,59805,18257
2018,Jul,West,Laptops,17733,4996
2018,Jul,West,Phones,21687,5669
2018,Jul,West,Tablets,53383,13215
2018,Jul,West,Accessories,39893,8202
2018,Jul,West,TVs,45003,14672
2018,Jul,West,Smartwatches,55150,14242
2018,Aug,North,Laptops,39605,11424
2018,Aug,North,Phones,48485,12138
2018,Aug,North,Tablets,14065,2885
2018,Aug,North,Accessories,43391,9670
2018,Aug,North,TVs,46998,7315
2018,Aug,North,Smartwatches,26462,4728
2018,Aug,South,Laptops,33616,11350
2018,Aug,South,Phones,31117,5402
2018,Aug,South,Tablets,33487,5452
2018,Aug,South,Accessories,36506,7164
2018,Aug,South,TVs,39482,9577
2018,Aug,South,Smartwatches,15866,2592
2018,Aug,East,Laptops,22875,5508
2018,Aug,East,Phones,16191,3823
2018,Aug,East,Tablets,38956,7604
2018,Aug,East,Accessories,21270,6117
2018,Aug,East,TVs,32959,10025
2018,Aug,East,Smartwatches,13657,2168
2018,Aug,West,Laptops,39268,12947
2018,Aug,West,Phones,10575,2409
2018,Aug,West,Tablets,10990,3287
2018,Aug,West,Accessories,18114,4848
2018,Aug,West,TVs,33142,6726
2018,Aug,West,Smartwatches,18979,5696
2018,Sep,North,Laptops,50284,10074
2018,Sep,North,Phones,20924,4340
2018,Sep,North,Tablets,54998,14890
2018,Sep,North,Accessories,10084,1785
2018,Sep,North,TVs,41063,10668
2018,Sep,North,Smartwatches,52646,17897
2018,Sep,South,Laptops,22952,4264
2018,Sep,South,Phones,57933,13579
2018,Sep,South,Tablets,25566,5861
2018,Sep,South,Accessories,34203,11881
2018,Sep,South,TVs,33463,7229
2018,Sep,South,Smartwatches,32600,5910
2018,Sep,East,Laptops,42527,12681
2018,Sep,East,Phones,20700,6414
2018,Sep,East,Tablets,52384,13707
2018,Sep,East,Accessories,59669,14943
2018,Sep,East,TVs,42692,6924
2018,Sep,East,Smartwatches,42663,10336
2018,Sep,West,Laptops,40358,13168
2018,Sep,West,Phones,25631,7763
2018,Sep,West,Tablets,33226,6909
2018,Sep,West,Accessories,12056,3516
2018,Sep,West,TVs,53198,17387
2018,Sep,West,Smartwatches,28901,4961
2018,Oct,North,Laptops,32815,6543
2018,Oct,North,Phones,42892,7089
2018,Oct,North,Tablets,54734,9199
2018,Oct,North,Accessories,50722,8260
2018,Oct,North,TVs,33075,6159
2018,Oct,North,Smartwatches,23998,4861
2018,Oct,South,Laptops,12594,3674
2018,Oct,South,Phones,19259,4958
2018,Oct,South,Tablets,30312,7463
2018,Oct,South,Accessories,15101,2622
2018,Oct,South,TVs,27486,4799
2018,Oct,South,Smartwatches,30909,6641
2018,Oct,East,Laptops,33414,10004
2018,Oct,East,Phones,53947,10761
2018,Oct,East,Tablets,39025,8556
2018,Oct,East,Accessories,57951,18929
2018,Oct,East,TVs,58716,15287
2018,Oct,East,Smartwatches,32991,5856
2018,Oct,West,Laptops,12906,2511
2018,Oct,West,Phones,44163,9708
2018,Oct,West,Tablets,56969,9490
2018,Oct,West,Accessories,38531,10690
2018,Oct,West,TVs,24544,6149
2018,Oct,West,Smartwatches,16990,3652
2018,Nov,North,Laptops,55099,9376
2018,Nov,North,Phones,38957,13078
2018,Nov,North,Tablets,23153,6514
2018,Nov,North,Accessories,28852,6927
2018,Nov,North,TVs,55673,14182
2018,Nov,North,Smartwatches,22070,5293
2018,Nov,South,Laptops,42214,6502
2018,Nov,South,Phones,44970,15734
2018,Nov,South,Tablets,13069,2479
2018,Nov,South,Accessories,57672,20143
2018,Nov,South,TVs,34417,11154
2018,Nov,South,Smartwatches,56510,11015
2018,Nov,East,Laptops,48503,15533
2018,Nov,East,Phones,15420,4952
2018,Nov,East,Tablets,59794,14240
2018,Nov,East,Accessories,11679,2043
2018,Nov,East,TVs,52411,11217
2018,Nov,East,Smartwatches,39622,13327
2018,Nov,West,Laptops,27408,8225
2018,Nov,West,Phones,56421,16338
2018,Nov,West,Tablets,21299,4922
2018,Nov,West,Accessories,33177,9680
2018,Nov,West,TVs,31722,8018
2018,Nov,West,Smartwatches,36464,6894
2018,Dec,North,Laptops,53376,14890
2018,Dec,North,Phones,34523,5180
2018,Dec,North,Tablets,54000,9444
2018,Dec,North,Accessories,40037,11802
2018,Dec,North,TVs,46237,10527
2018,Dec,North,Smartwatches,12524,3498
2018,Dec,South,Laptops,42202,10990
2018,Dec,South,Phones,46950,15387
2018,Dec,South,Tablets,48176,13692
2018,Dec,South,Accessories,53803,18246
2018,Dec,South,TVs,41654,14296
2018,Dec,South,Smartwatches,41650,10688
2018,Dec,East,Laptops,53793,15567
2018,Dec,East,Phones,16757,4560
2018,Dec,East,Tablets,15448,3221
2018,Dec,East,Accessories,40543,13749
2018,Dec,East,TVs,58131,11374
2018,Dec,East,Smartwatches,45921,13546
2018,Dec,West,Laptops,24662,7039
2018,Dec,West,Phones,20405,5198
2018,Dec,West,Tablets,51534,12647
2018,Dec,West,Accessories,15504,5255
2018,Dec,West,TVs,50512,15130
2018,Dec,West,Smartwatches,57334,18663
2019,Jan,North,Laptops,40085,13941
2019,Jan,North,Phones,48986,13000
2019,Jan,North,Tablets,29293,5993
2019,Jan,North,Accessories,23626,4216
2019,Jan,North,TVs,55649,17947
2019,Jan,North,Smartwatches,45657,11883
2019,Jan,South,Laptops,16278,4873
2019,Jan,South,Phones,48788,14755
2019,Jan,South,Tablets,21073,4363
2019,Jan,South,Accessories,58789,20514
2019,Jan,South,TVs,51639,13475
2019,Jan,South,Smartwatches,44629,12039
2019,Jan,East,Laptops,44784,15110
2019,Jan,East,Phones,30169,8099
2019,Jan,East,Tablets,56355,13245
2019,Jan,East,Accessories,59444,19144
2019,Jan,East,TVs,11970,3889
2019,Jan,East,Smartwatches,43896,14874
2019,Jan,West,Laptops,12785,3853
2019,Jan,West,Phones,21480,6146
2019,Jan,West,Tablets,27218,5449
2019,Jan,West,Accessories,42608,13492
2019,Jan,West,TVs,38745,13430
2019,Jan,West,Smartwatches,14317,4272
2019,Feb,North,Laptops,45934,12256
2019,Feb,North,Phones,22377,5328
2019,Feb,North,Tablets,22034,5487
2019,Feb,North,Accessories,21857,6469
2019,Feb,North,TVs,16189,3020
2019,Feb,North,Smartwatches,13091,3193
2019,Feb,South,Laptops,23260,5728
2019,Feb,South,Phones,53683,12777
2019,Feb,South,Tablets,40940,6691
2019,Feb,South,Accessories,45570,12134
2019,Feb,South,TVs,56106,13132
2019,Feb,South,Smartwatches,20156,5593
2019,Feb,East,Laptops,38573,12910
2019,Feb,East,Phones,25156,6924
2019,Feb,East,Tablets,38917,9572
2019,Feb,East,Accessories,46250,13754
2019,Feb,East,TVs,29628,5646
2019,Feb,East,Smartwatches,43020,8611
2019,Feb,West,Laptops,42780,9619
2019,Feb,West,Phones,36945,12406
2019,Feb,West,Tablets,28165,9418
2019,Feb,West,Accessories,40702,12114
2019,Feb,West,TVs,27597,9280
2019,Feb,West,Smartwatches,32179,7961
2019,Mar,North,Laptops,43802,14258
2019,Mar,North,Phones,21515,5825
2019,Mar,North,Tablets,46906,15899
2019,Mar,North,Accessories,20266,4947
2019,Mar,North,TVs,48646,8156
2019,Mar,North,Smartwatches,30446,6216
2019,Mar,South,Laptops,32475,11317
2019,Mar,South,Phones,41465,13888
2019,Mar,South,Tablets,41667,11033
2019,Mar,South,Accessories,50249,17470
2019,Mar,South,TVs,53558,10911
2019,Mar,South,Smartwatches,13526,3027
2019,Mar,East,Laptops,26138,8500
2019,Mar,East,Phones,24495,4542
2019,Mar,East,Tablets,11165,3747
2019,Mar,East,Accessories,59208,20550
2019,Mar,East,TVs,57323,15989
2019,Mar,East,Smartwatches,52170,18118
2019,Mar,West,Laptops,44609,14080
2019,Mar,West,Phones,13505,3071
2019,Mar,West,Tablets,22556,7553
2019,Mar,West,Accessories,42437,14739
2019,Mar,West,TVs,57532,16572
2019,Mar,West,Smartwatches,49687,8602
2019,Apr,North,Laptops,52640,12843
2019,Apr,North,Phones,58707,14957
2019,Apr,North,Tablets,39694,7985
2019,Apr,North,Accessories,39153,12744
2019,Apr,North,TVs,41812,7492
2019,Apr,North,Smartwatches,40579,10975
2019,Apr,South,Laptops,47093,10676
2019,Apr,South,Phones,18910,4344
2019,Apr,South,Tablets,19284,6441
2019,Apr,South,Accessories,13811,2193
2019,Apr,South,TVs,20212,5883
2019,Apr,South,Smartwatches,13215,3521
2019,Apr,East,Laptops,34875,11325
2019,Apr,East,Phones,57396,16996
2019,Apr,East,Tablets,25305,4633
2019,Apr,East,Accessories,28299,9663
2019,Apr,East,TVs,46010,13612
2019,Apr,East,Smartwatches,47522,12635
2019,Apr,West,Laptops,11460,3868
2019,Apr,West,Phones,25667,4531
2019,Apr,West,Tablets,24171,8025
2019,Apr,West,Accessories,28463,5610
2019,Apr,West,TVs,21345,6607
2019,Apr,West,Smartwatches,44276,7248
2019,May,North,Laptops,31926,8936
2019,May,North,Phones,31145,10567
2019,May,North,Tablets,39301,8750
2019,May,North,Accessories,28212,6776
2019,May,North,TVs,50782,13845
2019,May,North,Smartwatches,16124,3913
2019,May,South,Laptops,35486,8481
2019,May,South,Phones,57593,15755
2019,May,South,Tablets,13751,2593
2019,May,South,Accessories,10801,2837
2019,May,South,TVs,40878,14240
2019,May,South,Smartwatches,22576,7769
2019,May,East,Laptops,52175,17504
2019,May,East,Phones,29473,5016
2019,May,East,Tablets,48483,12254
2019,May,East,Accessories,16384,2655
2019,May,East,TVs,34483,5381
2019,May,East,Smartwatches,49098,11654
2019,May,West,Laptops,48735,15990
2019,May,West,Phones,57871,10600
2019,May,West,Tablets,16624,5759
2019,May,West,Accessories,45643,9507
2019,May,West,TVs,19335,3573
2019,May,West,Smartwatches,26382,7555
2019,Jun,North,Laptops,33245,9630
2019,Jun,North,Phones,38887,6186
2019,Jun,North,Tablets,28077,9301
2019,Jun,North,Accessories,40242,7169
2019,Jun,North,TVs,53595,18035
2019,Jun,North,Smartwatches,36655,11092
2019,Jun,South,Laptops,43082,12655
2019,Jun,South,Phones,33576,5492
2019,Jun,South,Tablets,51894,16503
2019,Jun,South,Accessories,19935,6031
2019,Jun,South,TVs,51573,17423
2019,Jun,South,Smartwatches,12334,2818
2019,Jun,East,Laptops,42041,9945
2019,Jun,East,Phones,38262,8631
2019,Jun,East,Tablets,19965,4476
2019,Jun,East,Accessories,57756,12535
2019,Jun,East,TVs,24094,7173
2019,Jun,East,Smartwatches,41894,8675
2019,Jun,West,Laptops,59068,12358
2019,Jun,West,Phones,34126,8170
2019,Jun,West,Tablets,30826,9408
2019,Jun,West,Accessories,46283,10207
2019,Jun,West,TVs,52441,16228
2019,Jun,West,Smartwatches,13300,2692
2019,Jul,North,Laptops,14006,4607
2019,Jul,North,Phones,17459,5536
2019,Jul,North,Tablets,50873,14990
2019,Jul,North,Accessories,33262,9073
2019,Jul,North,TVs,43505,7804
2019,Jul,North,Smartwatches,58624,9854
2019,Jul,South,Laptops,29230,7422
2019,Jul,South,Phones,21837,4638
2019,Jul,South,Tablets,42134,8559
2019,Jul,South,Accessories,27232,5660
2019,Jul,South,TVs,32352,10452
2019,Jul,South,Smartwatches,26126,5620
2019,Jul,East,Laptops,18108,3647
2019,Jul,East,Phones,13770,4229
2019,Jul,East,Tablets,42234,6475
2019,Jul,East,Accessories,15348,4367
2019,Jul,East,TVs,51116,17745
2019,Jul,East,Smartwatches,41791,13234
2019,Jul,West,Laptops,19879,4808
2019,Jul,West,Phones,49630,16652
2019,Jul,West,Tablets,12356,4312
2019,Jul,West,Accessories,16860,2993
2019,Jul,West,TVs,19881,4223
2019,Jul,West,Smartwatches,28295,7245
2019,Aug,North,Laptops,16142,4913
2019,Aug,North,Phones,20455,3713
2019,Aug,North,Tablets,17560,3572
2019,Aug,North,Accessories,30099,7134
2019,Aug,North,TVs,16003,3122
2019,Aug,North,Smartwatches,44397,7410
2019,Aug,South,Laptops,51810,13314
2019,Aug,South,Phones,48034,7697
2019,Aug,South,Tablets,17585,3789
2019,Aug,South,Accessories,59818,10360
2019,Aug,South,TVs,34445,10354
2019,Aug,South,Smartwatches,23335,3770
2019,Aug,East,Laptops,10769,2164
2019,Aug,East,Phones,45049,13744
2019,Aug,East,Tablets,15250,4765
2019,Aug,East,Accessories,19667,4077
2019,Aug,East,TVs,25330,7673
2019,Aug,East,Smartwatches,20719,3971
2019,Aug,West,Laptops,46024,12939
2019,Aug,West,Phones,51958,10007
2019,Aug,West,Tablets,32863,5915
2019,Aug,West,Accessories,51281,13479
2019,Aug,West,TVs,49124,7504
2019,Aug,West,Smartwatches,12501,4299
2019,Sep,North,Laptops,26402,8828
2019,Sep,North,Phones,57352,18766
2019,Sep,North,Tablets,52483,14850
2019,Sep,North,Accessories,51887,12016
2019,Sep,North,TVs,20003,6287
2019,Sep,North,Smartwatches,32744,6298
2019,Sep,South,Laptops,45888,10949
2019,Sep,South,Phones,15458,3519
2019,Sep,South,Tablets,55692,16732
2019,Sep,South,Accessories,16361,5136
2019,Sep,South,TVs,41206,10874
2019,Sep,South,Smartwatches,32553,5137
2019,Sep,East,Laptops,29949,8192
2019,Sep,East,Phones,19842,3570
2019,Sep,East,Tablets,44696,9447
2019,Sep,East,Accessories,50973,15913
2019,Sep,East,TVs,18359,5543
2019,Sep,East,Smartwatches,48852,11853
2019,Sep,West,Laptops,50457,7729
2019,Sep,West,Phones,28194,5184
2019,Sep,West,Tablets,57970,18013
2019,Sep,West,Accessories,21372,7308
2019,Sep,West,TVs,17872,4484
2019,Sep,West,Smartwatches,20406,4820
2019,Oct,North,Laptops,45850,14110
2019,Oct,North,Phones,17616,5427
2019,Oct,North,Tablets,43408,12201
2019,Oct,North,Accessories,36959,5570
2019,Oct,North,TVs,47750,9711
2019,Oct,North,Smartwatches,24841,8212
2019,Oct,South,Laptops,43373,11953
2019,Oct,South,Phones,29210,6727
2019,Oct,South,Tablets,19819,6763
2019,Oct,South,Accessories,58544,14851
2019,Oct,South,TVs,16178,5486
2019,Oct,South,Smartwatches,58490,16822
2019,Oct,East,Laptops,50454,17082
2019,Oct,East,Phones,17507,3516
2019,Oct,East,Tablets,55661,11026
2019,Oct,East,Accessories,51151,12890
2019,Oct,East,TVs,12132,2654
2019,Oct,East,Smartwatches,35316,9547
2019,Oct,West,Laptops,43452,13263
2019,Oct,West,Phones,39799,10645
2019,Oct,West,Tablets,27365,9294
2019,Oct,West,Accessories,20206,4401
2019,Oct,West,TVs,37727,9429
2019,Oct,West,Smartwatches,21255,5754
2019,Nov,North,Laptops,24081,4862
2019,Nov,North,Phones,16378,4147
2019,Nov,North,Tablets,40667,12859
2019,Nov,North,Accessories,56731,16426
2019,Nov,North,TVs,31309,6262
2019,Nov,North,Smartwatches,22265,6663
2019,Nov,South,Laptops,13871,2179
2019,Nov,South,Phones,51996,16635
2019,Nov,South,Tablets,52287,18179
2019,Nov,South,Accessories,43673,13311
2019,Nov,South,TVs,33080,11074
2019,Nov,South,Smartwatches,16435,4217
2019,Nov,East,Laptops,55375,16867
2019,Nov,East,Phones,34668,8061
2019,Nov,East,Tablets,37904,7693
2019,Nov,East,Accessories,22053,7288
2019,Nov,East,TVs,40190,6913
2019,Nov,East,Smartwatches,47672,10308
2019,Nov,West,Laptops,50692,14146
2019,Nov,West,Phones,56484,16364
2019,Nov,West,Tablets,26835,8016
2019,Nov,West,Accessories,24520,4681
2019,Nov,West,TVs,14072,2249
2019,Nov,West,Smartwatches,33150,11533
2019,Dec,North,Laptops,28910,5207
2019,Dec,North,Phones,27303,6878
2019,Dec,North,Tablets,32160,10949
2019,Dec,North,Accessories,23975,7334
2019,Dec,North,TVs,41244,6604
2019,Dec,North,Smartwatches,37601,12730
2019,Dec,South,Laptops,31960,7996
2019,Dec,South,Phones,21624,5863
2019,Dec,South,Tablets,45605,8765
2019,Dec,South,Accessories,30994,6649
2019,Dec,South,TVs,50002,13774
2019,Dec,South,Smartwatches,47636,11771
2019,Dec,East,Laptops,44005,10918
2019,Dec,East,Phones,16354,2459
2019,Dec,East,Tablets,19167,6455
2019,Dec,East,Accessories,13794,4322
2019,Dec,East,TVs,56687,16776
2019,Dec,East,Smartwatches,35910,11967
2019,Dec,West,Laptops,56580,14482
2019,Dec,West,Phones,29008,5655
2019,Dec,West,Tablets,13906,2599
2019,Dec,West,Accessories,51961,12245
2019,Dec,West,TVs,28076,6773
2019,Dec,West,Smartwatches,35681,11484
2020,Jan,North,Laptops,53574,15845
2020,Jan,North,Phones,22193,7362
2020,Jan,North,Tablets,45432,7488
2020,Jan,North,Accessories,44470,15508
2020,Jan,North,TVs,48071,7427
2020,Jan,North,Smartwatches,38975,9204
2020,Jan,South,Laptops,51952,15166
2020,Jan,South,Phones,38385,6003
2020,Jan,South,Tablets,50431,11284
2020,Jan,South,Accessories,26201,7704
2020,Jan,South,TVs,45266,13344
2020,Jan,South,Smartwatches,20339,3655
2020,Jan,East,Laptops,54149,16115
2020,Jan,East,Phones,29616,5107
2020,Jan,East,Tablets,39273,8082
2020,Jan,East,Accessories,34793,11812
2020,Jan,East,TVs,32481,9328
2020,Jan,East,Smartwatches,48077,11625
2020,Jan,West,Laptops,18134,4494
2020,Jan,West,Phones,25145,4628
2020,Jan,West,Tablets,58997,10207
2020,Jan,West,Accessories,34317,6048
2020,Jan,West,TVs,57807,14507
2020,Jan,West,Smartwatches,56379,10815
2020,Feb,North,Laptops,43177,7034
2020,Feb,North,Phones,48323,13527
2020,Feb,North,Tablets,39011,7064
2020,Feb,North,Accessories,24953,5925
2020,Feb,North,TVs,25209,5544
2020,Feb,North,Smartwatches,21446,5559
2020,Feb,South,Laptops,52860,18325
2020,Feb,South,Phones,22500,7536
2020,Feb,South,Tablets,25102,5130
2020,Feb,South,Accessories,32820,8423
2020,Feb,South,TVs,17428,4382
2020,Feb,South,Smartwatches,43124,9329
2020,Feb,East,Laptops,16123,3940
2020,Feb,East,Phones,28385,7951
2020,Feb,East,Tablets,11948,1872
2020,Feb,East,Accessories,40383,10396
2020,Feb,East,TVs,55757,11609
2020,Feb,East,Smartwatches,39604,6998
2020,Feb,West,Laptops,23802,6307
2020,Feb,West,Phones,48711,7476
2020,Feb,West,Tablets,19574,5515
2020,Feb,West,Accessories,29541,8770
2020,Feb,West,TVs,43717,12012
2020,Feb,West,Smartwatches,57825,13949
2020,Mar,North,Laptops,32410,9150
2020,Mar,North,Phones,51382,10308
2020,Mar,North,Tablets,50803,12213
2020,Mar,North,Accessories,54510,18074
2020,Mar,North,TVs,36774,12309
2020,Mar,North,Smartwatches,34322,11052
2020,Mar,South,Laptops,12929,2788
2020,Mar,South,Phones,23486,6970
2020,Mar,South,Tablets,56730,17456
2020,Mar,South,Accessories,57288,11464
2020,Mar,South,TVs,37877,8101
2020,Mar,South,Smartwatches,53164,12619
2020,Mar,East,Laptops,23232,4011
2020,Mar,East,Phones,54301,18577
2020,Mar,East,Tablets,40292,13329
2020,Mar,East,Accessories,33243,9168
2020,Mar,East,TVs,21591,4201
2020,Mar,East,Smartwatches,25423,7443
2020,Mar,West,Laptops,49854,16614
2020,Mar,West,Phones,15119,5064
2020,Mar,West,Tablets,54676,12862
2020,Mar,West,Accessories,20584,5700
2020,Mar,West,TVs,56093,13000
2020,Mar,West,Smartwatches,41909,9532
2020,Apr,North,Laptops,28067,5532
2020,Apr,North,Phones,10587,2042
2020,Apr,North,Tablets,34497,8975
2020,Apr,North,Accessories,40235,6991
2020,Apr,North,TVs,11198,3714
2020,Apr,North,Smartwatches,23181,4269
2020,Apr,South,Laptops,43058,6699
2020,Apr,South,Phones,38016,8683
2020,Apr,South,Tablets,45513,12441
2020,Apr,South,Accessories,54680,9138
2020,Apr,South,TVs,55358,13186
2020,Apr,South,Smartwatches,53445,15051
2020,Apr,East,Laptops,24814,5787
2020,Apr,East,Phones,41015,10041
2020,Apr,East,Tablets,21327,4916
2020,Apr,East,Accessories,42001,9858
2020,Apr,East,TVs,46742,7273
2020,Apr,East,Smartwatches,47872,12207
2020,Apr,West,Laptops,42359,13088
2020,Apr,West,Phones,54096,15283
2020,Apr,West,Tablets,10852,2529
2020,Apr,West,Accessories,22867,4902
2020,Apr,West,TVs,16464,5224
2020,Apr,West,Smartwatches,29072,4779
2020,May,North,Laptops,23758,5902
2020,May,North,Phones,40624,12861
2020,May,North,Tablets,14560,3727
2020,May,North,Accessories,42499,12701
2020,May,North,TVs,22810,4497
2020,May,North,Smartwatches,56578,12251
2020,May,South,Laptops,35342,6201
2020,May,South,Phones,30081,8013
2020,May,South,Tablets,50014,7982
2020,May,South,Accessories,57756,17945
2020,May,South,TVs,18197,5076
2020,May,South,Smartwatches,31886,5491
2020,May,East,Laptops,55913,10410
2020,May,East,Phones,39074,11916
2020,May,East,Tablets,12825,4335
2020,May,East,Accessories,15075,3545
2020,May,East,TVs,15312,3297
2020,May,East,Smartwatches,52507,15825
2020,May,West,Laptops,43351,7888
2020,May,West,Phones,36046,11496
2020,May,West,Tablets,26348,4235
2020,May,West,Accessories,24395,5119
2020,May,West,TVs,41062,6261
2020,May,West,Smartwatches,52293,16885
2020,Jun,North,Laptops,26634,8768
2020,Jun,North,Phones,25421,5151
2020,Jun,North,Tablets,57005,17860
2020,Jun,North,Accessories,11418,3049
2020,Jun,North,TVs,50601,11936
2020,Jun,North,Smartwatches,17076,3648
2020,Jun,South,Laptops,56763,18899
2020,Jun,South,Phones,38077,12147
2020,Jun,South,Tablets,10978,1818
2020,Jun,South,Accessories,47296,13628
2020,Jun,South,TVs,22507,5554
2020,Jun,South,Smartwatches,49966,12891
2020,Jun,East,Laptops,53543,10919
2020,Jun,East,Phones,46553,12086
2020,Jun,East,Tablets,46698,8874
2020,Jun,East,Accessories,50373,16007
2020,Jun,East,TVs,19755,6353
2020,Jun,East,Smartwatches,18927,5600
2020,Jun,West,Laptops,25260,6415
2020,Jun,West,Phones,24939,7749
2020,Jun,West,Tablets,26334,4722
2020,Jun,West,Accessories,19213,4186
2020,Jun,West,TVs,49673,8252
2020,Jun,West,Smartwatches,55805,11905
2020,Jul,North,Laptops,17311,3647
2020,Jul,North,Phones,37151,7296
2020,Jul,North,Tablets,20491,6700
2020,Jul,North,Accessories,46442,10902
2020,Jul,North,TVs,56962,13556
2020,Jul,North,Smartwatches,38645,12993
2020,Jul,South,Laptops,43193,12447
2020,Jul,South,Phones,29241,8997
2020,Jul,South,Tablets,59746,12080
2020,Jul,South,Accessories,17534,4844
2020,Jul,South,TVs,43581,9410
2020,Jul,South,Smartwatches,48541,10518
2020,Jul,East,Laptops,56341,17650
2020,Jul,East,Phones,27103,4180
2020,Jul,East,Tablets,53708,12890
2020,Jul,East,Accessories,31913,8852
2020,Jul,East,TVs,25518,6487
2020,Jul,East,Smartwatches,59793,19003
2020,Jul,West,Laptops,27552,5257
2020,Jul,West,Phones,52019,16043
2020,Jul,West,Tablets,29114,9405
2020,Jul,West,Accessories,39467,10182
2020,Jul,West,TVs,17068,3416
2020,Jul,West,Smartwatches,13921,2364
2020,Aug,North,Laptops,34766,8734
2020,Aug,North,Phones,42156,10061
2020,Aug,North,Tablets,21359,3245
2020,Aug,North,Accessories,19814,3192
2020,Aug,North,TVs,53534,15420
2020,Aug,North,Smartwatches,40197,14010
2020,Aug,South,Laptops,50420,13533
2020,Aug,South,Phones,43067,12168
2020,Aug,South,Tablets,19012,5633
2020,Aug,South,Accessories,39597,13718
2020,Aug,South,TVs,43179,13776
2020,Aug,South,Smartwatches,54359,14485
2020,Aug,East,Laptops,39382,11886
2020,Aug,East,Phones,45503,9342
2020,Aug,East,Tablets,12908,2931
2020,Aug,East,Accessories,53224,11169
2020,Aug,East,TVs,39768,7714
2020,Aug,East,Smartwatches,31245,7597
2020,Aug,West,Laptops,13468,3334
2020,Aug,West,Phones,50706,16067
2020,Aug,West,Tablets,25321,3898
2020,Aug,West,Accessories,55685,12473
2020,Aug,West,TVs,22538,3907
2020,Aug,West,Smartwatches,36853,8828
2020,Sep,North,Laptops,56850,11395
2020,Sep,North,Phones,38173,13158
2020,Sep,North,Tablets,16013,3755
2020,Sep,North,Accessories,31033,6595
2020,Sep,North,TVs,51997,8312
2020,Sep,North,Smartwatches,34673,6198
2020,Sep,South,Laptops,51334,14891
2020,Sep,South,Phones,55216,14492
2020,Sep,South,Tablets,17667,3319
2020,Sep,South,Accessories,33196,5425
2020,Sep,South,TVs,17292,5723
2020,Sep,South,Smartwatches,30078,5841
2020,Sep,East,Laptops,15097,4943
2020,Sep,East,Phones,24572,6433
2020,Sep,East,Tablets,20076,5271
2020,Sep,East,Accessories,19493,5642
2020,Sep,East,TVs,58262,9244
2020,Sep,East,Smartwatches,13794,3696
2020,Sep,West,Laptops,28027,7857
2020,Sep,West,Phones,18276,5748
2020,Sep,West,Tablets,27981,5390
2020,Sep,West,Accessories,17345,3318
2020,Sep,West,TVs,40402,10794
2020,Sep,West,Smartwatches,14722,3459
2020,Oct,North,Laptops,21501,5497
2020,Oct,North,Phones,59557,11517
2020,Oct,North,Tablets,16262,2631
2020,Oct,North,Accessories,13205,2275
2020,Oct,North,TVs,24486,6261
2020,Oct,North,Smartwatches,31173,9568
2020,Oct,South,Laptops,43665,8271
2020,Oct,South,Phones,11746,3491
2020,Oct,South,Tablets,12191,3113
2020,Oct,South,Accessories,59483,10276
2020,Oct,South,TVs,38549,12642
2020,Oct,South,Smartwatches,44387,6746
2020,Oct,East,Laptops,20257,6310
2020,Oct,East,Phones,53650,14346
2020,Oct,East,Tablets,42636,13817
2020,Oct,East,Accessories,42105,12907
2020,Oct,East,TVs,25706,4915
2020,Oct,East,Smartwatches,11582,2465
2020,Oct,West,Laptops,46891,7238
2020,Oct,West,Phones,41417,13292
2020,Oct,West,Tablets,37317,9668
2020,Oct,West,Accessories,44147,10168
2020,Oct,West,TVs,51442,8493
2020,Oct,West,Smartwatches,54742,9547
2020,Nov,North,Laptops,38817,9815
2020,Nov,North,Phones,25061,4682
2020,Nov,North,Tablets,35372,10273
2020,Nov,North,Accessories,37405,10001
2020,Nov,North,TVs,50777,11738
2020,Nov,North,Smartwatches,38042,9760
2020,Nov,South,Laptops,55307,17703
2020,Nov,South,Phones,43186,8657
2020,Nov,South,Tablets,39258,8490
2020,Nov,South,Accessories,10546,2063
2020,Nov,South,TVs,32248,8685
2020,Nov,South,Smartwatches,40912,10043
2020,Nov,East,Laptops,27745,8432
2020,Nov,East,Phones,16006,4253
2020,Nov,East,Tablets,40119,13368
2020,Nov,East,Accessories,40285,13918
2020,Nov,East,TVs,23173,4629
2020,Nov,East,Smartwatches,28295,6984
2020,Nov,West,Laptops,57232,8841
2020,Nov,West,Phones,35754,10636
2020,Nov,West,Tablets,43564,13911
2020,Nov,West,Accessories,57748,19602
2020,Nov,West,TVs,53339,13165
2020,Nov,West,Smartwatches,33168,9719
2020,Dec,North,Laptops,10642,2951
2020,Dec,North,Phones,46057,12334
2020,Dec,North,Tablets,39340,7956
2020,Dec,North,Accessories,49312,12172
2020,Dec,North,TVs,53612,8949
2020,Dec,North,Smartwatches,47766,14842
2020,Dec,South,Laptops,14120,4024
2020,Dec,South,Phones,53644,12139
2020,Dec,South,Tablets,44633,7047
2020,Dec,South,Accessories,53939,8401
2020,Dec,South,TVs,28590,6710
2020,Dec,South,Smartwatches,54350,14154
2020,Dec,East,Laptops,30568,5665
2020,Dec,East,Phones,24303,5939
2020,Dec,East,Tablets,54809,9590
2020,Dec,East,Accessories,10216,2184
2020,Dec,East,TVs,33947,11664
2020,Dec,East,Smartwatches,37300,10299
2020,Dec,West,Laptops,13263,2403
2020,Dec,West,Phones,32362,11109
2020,Dec,West,Tablets,57581,12993
2020,Dec,West,Accessories,31247,10629
2020,Dec,West,TVs,38317,10875
2020,Dec,West,Smartwatches,56028,10944
2021,Jan,North,Laptops,13058,4286
2021,Jan,North,Phones,51641,10785
2021,Jan,North,Tablets,53536,13203
2021,Jan,North,Accessories,52584,14055
2021,Jan,North,TVs,30353,7218
2021,Jan,North,Smartwatches,18395,3500
2021,Jan,South,Laptops,31064,7788
2021,Jan,South,Phones,30624,9386
2021,Jan,South,Tablets,28416,5782
2021,Jan,South,Accessories,25890,5986
2021,Jan,South,TVs,57098,19778
2021,Jan,South,Smartwatches,44645,10895
2021,Jan,East,Laptops,52498,9991
2021,Jan,East,Phones,58590,20159
2021,Jan,East,Tablets,27466,9590
2021,Jan,East,Accessories,48010,14887
2021,Jan,East,TVs,37605,12149
2021,Jan,East,Smartwatches,50236,13263
2021,Jan,West,Laptops,44621,6925
2021,Jan,West,Phones,30832,6611
2021,Jan,West,Tablets,36423,10407
2021,Jan,West,Accessories,31515,5921
2021,Jan,West,TVs,47010,11860
2021,Jan,West,Smartwatches,27645,8427
2021,Feb,North,Laptops,41666,8662
2021,Feb,North,Phones,57334,16116
2021,Feb,North,Tablets,25147,6168
2021,Feb,North,Accessories,20428,6071
2021,Feb,North,TVs,39093,7985
2021,Feb,North,Smartwatches,18099,5701
2021,Feb,South,Laptops,53481,9095
2021,Feb,South,Phones,37593,12414
2021,Feb,South,Tablets,52394,14579
2021,Feb,South,Accessories,19719,6639
2021,Feb,South,TVs,54468,9113
2021,Feb,South,Smartwatches,58424,17017
2021,Feb,East,Laptops,39421,9959
2021,Feb,East,Phones,27339,8871
2021,Feb,East,Tablets,35946,7346
2021,Feb,East,Accessories,17730,5948
2021,Feb,East,TVs,59341,18267
2021,Feb,East,Smartwatches,49242,12885
2021,Feb,West,Laptops,15247,3724
2021,Feb,West,Phones,11352,1797
2021,Feb,West,Tablets,52657,10130
2021,Feb,West,Accessories,38836,8888
2021,Feb,West,TVs,31693,5486
2021,Feb,West,Smartwatches,41486,7716
2021,Mar,North,Laptops,35722,10185
2021,Mar,North,Phones,35231,9167
2021,Mar,North,Tablets,13349,3208
2021,Mar,North,Accessories,19448,4491
2021,Mar,North,TVs,59609,20788
2021,Mar,North,Smartwatches,59826,19163
2021,Mar,South,Laptops,49486,12697
2021,Mar,South,Phones,59699,18359
2021,Mar,South,Tablets,56129,14247
2021,Mar,South,Accessories,53138,14275
2021,Mar,South,TVs,52558,14669
2021,Mar,South,Smartwatches,13718,3203
2021,Mar,East,Laptops,52664,11350
2021,Mar,East,Phones,34051,6952
2021,Mar,East,Tablets,20993,4018
2021,Mar,East,Accessories,27084,7761
2021,Mar,East,TVs,35397,10069
2021,Mar,East,Smartwatches,47013,15724
2021,Mar,West,Laptops,50843,16220
2021,Mar,West,Phones,27879,7488
2021,Mar,West,Tablets,28453,5583
2021,Mar,West,Accessories,18021,2927
2021,Mar,West,TVs,56730,10494
2021,Mar,West,Smartwatches,34551,8905
2021,Apr,North,Laptops,44355,7619
2021,Apr,North,Phones,17416,2884
2021,Apr,North,Tablets,49407,15328
2021,Apr,North,Accessories,23134,5502
2021,Apr,North,TVs,41447,10426
2021,Apr,North,Smartwatches,36766,9459
2021,Apr,South,Laptops,29486,5347
2021,Apr,South,Phones,58900,13480
2021,Apr,South,Tablets,26308,7103
2021,Apr,South,Accessories,44230,9021
2021,Apr,South,TVs,14786,2446
2021,Apr,South,Smartwatches,20470,6024
2021,Apr,East,Laptops,26613,7888
2021,Apr,East,Phones,47687,12852
2021,Apr,East,Tablets,19502,3016
2021,Apr,East,Accessories,36035,7421
2021,Apr,East,TVs,58285,16781
2021,Apr,East,Smartwatches,44464,13901
2021,Apr,West,Laptops,59466,15396
2021,Apr,West,Phones,32765,11204
2021,Apr,West,Tablets,43169,10049
2021,Apr,West,Accessories,22991,6778
2021,Apr,West,TVs,44043,8977
2021,Apr,West,Smartwatches,13769,4008
2021,May,North,Laptops,28284,5517
2021,May,North,Phones,20308,5829
2021,May,North,Tablets,32310,8312
2021,May,North,Accessories,17578,3351
2021,May,North,TVs,37619,8036
2021,May,North,Smartwatches,10627,3306
2021,May,South,Laptops,27507,5009
2021,May,South,Phones,28098,7693
2021,May,South,Tablets,36739,8218
2021,May,South,Accessories,13277,4398
2021,May,South,TVs,52415,10095
2021,May,South,Smartwatches,41995,8615
2021,May,East,Laptops,22647,4872
2021,May,East,Phones,23125,6681
2021,May,East,Tablets,12247,2279
2021,May,East,Accessories,41967,14462
2021,May,East,TVs,20747,6730
2021,May,East,Smartwatches,47971,10391
2021,May,West,Laptops,23712,7840
2021,May,West,Phones,37412,11335
2021,May,West,Tablets,49914,13473
2021,May,West,Accessories,26350,5329
2021,May,West,TVs,11123,1901
2021,May,West,Smartwatches,44745,12305
2021,Jun,North,Laptops,59250,10488
2021,Jun,North,Phones,39348,12201
2021,Jun,North,Tablets,38331,6460
2021,Jun,North,Accessories,25638,4182
2021,Jun,North,TVs,58501,12133
2021,Jun,North,Smartwatches,41506,8799
2021,Jun,South,Laptops,49313,12186
2021,Jun,South,Phones,24506,4767
2021,Jun,South,Tablets,27892,8944
2021,Jun,South,Accessories,13473,3063
2021,Jun,South,TVs,52011,10592
2021,Jun,South,Smartwatches,17832,3484
2021,Jun,East,Laptops,17985,6204
2021,Jun,East,Phones,37121,7813
2021,Jun,East,Tablets,59550,13725
2021,Jun,East,Accessories,53342,15090
2021,Jun,East,TVs,12308,3136
2021,Jun,East,Smartwatches,49986,16248
2021,Jun,West,Laptops,47067,13081
2021,Jun,West,Phones,53061,9300
2021,Jun,West,Tablets,43660,7310
2021,Jun,West,Accessories,23439,5469
2021,Jun,West,TVs,45029,12388
2021,Jun,West,Smartwatches,24544,8336
2021,Jul,North,Laptops,56658,10429
2021,Jul,North,Phones,54171,14755
2021,Jul,North,Tablets,46826,8336
2021,Jul,North,Accessories,37339,6068
2021,Jul,North,TVs,28002,6030
2021,Jul,North,Smartwatches,45423,9682
2021,Jul,South,Laptops,41914,13552
2021,Jul,South,Phones,10135,2405
2021,Jul,South,Tablets,33097,7432
2021,Jul,South,Accessories,46853,10572
2021,Jul,South,TVs,37627,5940
2021,Jul,South,Smartwatches,55634,17233
2021,Jul,East,Laptops,50829,11983
2021,Jul,East,Phones,32208,10369
2021,Jul,East,Tablets,19225,2952
2021,Jul,East,Accessories,19436,4082
2021,Jul,East,TVs,21255,4383
2021,Jul,East,Smartwatches,49597,8418
2021,Jul,West,Laptops,30563,9106
2021,Jul,West,Phones,58173,9861
2021,Jul,West,Tablets,43417,13625
2021,Jul,West,Accessories,22676,7017
2021,Jul,West,TVs,44895,12187
2021,Jul,West,Smartwatches,29423,7727
2021,Aug,North,Laptops,10256,2408
2021,Aug,North,Phones,25279,4828
2021,Aug,North,Tablets,42226,11345
2021,Aug,North,Accessories,58951,12159
2021,Aug,North,TVs,55109,15663
2021,Aug,North,Smartwatches,33241,7414
2021,Aug,South,Laptops,58595,13299
2021,Aug,South,Phones,36258,5759
2021,Aug,South,Tablets,46960,14666
2021,Aug,South,Accessories,25512,8592
2021,Aug,South,TVs,48363,11596
2021,Aug,South,Smartwatches,24708,6745
2021,Aug,East,Laptops,10090,1805
2021,Aug,East,Phones,49966,12091
2021,Aug,East,Tablets,43394,12739
2021,Aug,East,Accessories,25888,7172
2021,Aug,East,TVs,28509,9863
2021,Aug,East,Smartwatches,46529,10325
2021,Aug,West,Laptops,50394,16148
2021,Aug,West,Phones,54861,9956
2021,Aug,West,Tablets,30996,5950
2021,Aug,West,Accessories,47234,10655
2021,Aug,West,TVs,30836,7716
2021,Aug,West,Smartwatches,49513,16121
2021,Sep,North,Laptops,35268,6449
2021,Sep,North,Phones,20563,6772
2021,Sep,North,Tablets,39666,13581
2021,Sep,North,Accessories,16964,4665
2021,Sep,North,TVs,21038,5272
2021,Sep,North,Smartwatches,51449,15882
2021,Sep,South,Laptops,39203,8263
2021,Sep,South,Phones,40634,14002
2021,Sep,South,Tablets,39688,6840
2021,Sep,South,Accessories,25010,4614
2021,Sep,South,TVs,43837,12478
2021,Sep,South,Smartwatches,39140,9995
2021,Sep,East,Laptops,51985,17561
2021,Sep,East,Phones,43929,15117
2021,Sep,East,Tablets,42258,11663
2021,Sep,East,Accessories,18130,5134
2021,Sep,East,TVs,23542,4401
2021,Sep,East,Smartwatches,50984,16667
2021,Sep,West,Laptops,26989,4068
2021,Sep,West,Phones,40526,6218
2021,Sep,West,Tablets,15936,2571
2021,Sep,West,Accessories,45463,9140
2021,Sep,West,TVs,47521,16093
2021,Sep,West,Smartwatches,19291,6306
2021,Oct,North,Laptops,15044,2285
2021,Oct,North,Phones,10879,2729
2021,Oct,North,Tablets,42954,8921
2021,Oct,North,Accessories,43555,12277
2021,Oct,North,TVs,33257,5427
2021,Oct,North,Smartwatches,44601,14128
2021,Oct,South,Laptops,42940,10834
2021,Oct,South,Phones,14225,2972
2021,Oct,South,Tablets,31815,6940
2021,Oct,South,Accessories,48932,12126
2021,Oct,South,TVs,55365,13946
2021,Oct,South,Smartwatches,10502,3142
2021,Oct,East,Laptops,31299,6028
2021,Oct,East,Phones,49204,9612
2021,Oct,East,Tablets,29463,8230
2021,Oct,East,Accessories,10408,3113
2021,Oct,East,TVs,22851,5046
2021,Oct,East,Smartwatches,23471,4543
2021,Oct,West,Laptops,44458,10060
2021,Oct,West,Phones,21371,4960
2021,Oct,West,Tablets,32090,6143
2021,Oct,West,Accessories,36118,8511
2021,Oct,West,TVs,49582,11147
2021,Oct,West,Smartwatches,58179,17883
2021,Nov,North,Laptops,28197,9098
2021,Nov,North,Phones,29480,5567
2021,Nov,North,Tablets,53797,15132
2021,Nov,North,Accessories,17350,4705
2021,Nov,North,TVs,11806,3496
2021,Nov,North,Smartwatches,59571,12546
2021,Nov,South,Laptops,13057,4240
2021,Nov,South,Phones,53142,10725
2021,Nov,South,Tablets,25006,6444
2021,Nov,South,Accessories,24462,8055
2021,Nov,South,TVs,34090,11166
2021,Nov,South,Smartwatches,36182,8632
2021,Nov,East,Laptops,24235,4282
2021,Nov,East,Phones,44858,15130
2021,Nov,East,Tablets,35433,11681
2021,Nov,East,Accessories,51637,10318
2021,Nov,East,TVs,58643,11326
2021,Nov,East,Smartwatches,38041,9132
2021,Nov,West,Laptops,25882,6908
2021,Nov,West,Phones,32574,10242
2021,Nov,West,Tablets,59250,17371
2021,Nov,West,Accessories,17600,3006
2021,Nov,West,TVs,16457,5131
2021,Nov,West,Smartwatches,11958,4025
2021,Dec,North,Laptops,52580,10383
2021,Dec,North,Phones,16834,2607
2021,Dec,North,Tablets,32197,8835
2021,Dec,North,Accessories,43670,11329
2021,Dec,North,TVs,39176,8133
2021,Dec,North,Smartwatches,48779,9467
2021,Dec,South,Laptops,14600,2801
2021,Dec,South,Phones,36900,8774
2021,Dec,South,Tablets,57225,12923
2021,Dec,South,Accessories,21543,3430
2021,Dec,South,TVs,44099,9488
2021,Dec,South,Smartwatches,19660,3755
2021,Dec,East,Laptops,48778,16367
2021,Dec,East,Phones,43085,6595
2021,Dec,East,Tablets,49750,10297
2021,Dec,East,Accessories,44409,14833
2021,Dec,East,TVs,56861,12298
2021,Dec,East,Smartwatches,54615,14729
2021,Dec,West,Laptops,23481,3974
2021,Dec,West,Phones,27401,8851
2021,Dec,West,Tablets,39915,13312
2021,Dec,West,Accessories,38780,7703
2021,Dec,West,TVs,44912,15153
2021,Dec,West,Smartwatches,16199,5519
2022,Jan,North,Laptops,11072,3312
2022,Jan,North,Phones,39224,7212
2022,Jan,North,Tablets,21820,5433
2022,Jan,North,Accessories,26934,9098
2022,Jan,North,TVs,38499,12006
2022,Jan,North,Smartwatches,55852,13390
2022,Jan,South,Laptops,20158,6489
2022,Jan,South,Phones,45235,13654
2022,Jan,South,Tablets,30537,7124
2022,Jan,South,Accessories,39746,8716
2022,Jan,South,TVs,22170,5926
2022,Jan,South,Smartwatches,47035,8359
2022,Jan,East,Laptops,30889,8165
2022,Jan,East,Phones,59571,19528
2022,Jan,East,Tablets,20149,3773
2022,Jan,East,Accessories,16993,2861
2022,Jan,East,TVs,51295,16827
2022,Jan,East,Smartwatches,10981,2327
2022,Jan,West,Laptops,14670,4771
2022,Jan,West,Phones,29594,7357
2022,Jan,West,Tablets,50992,9459
2022,Jan,West,Accessories,16842,4567
2022,Jan,West,TVs,13456,4327
2022,Jan,West,Smartwatches,59368,10437
2022,Feb,North,Laptops,20141,6881
2022,Feb,North,Phones,28428,5694
2022,Feb,North,Tablets,40521,10778
2022,Feb,North,Accessories,34478,5778
2022,Feb,North,TVs,46863,12021
2022,Feb,North,Smartwatches,39883,10659
2022,Feb,South,Laptops,43245,7581
2022,Feb,South,Phones,37067,8422
2022,Feb,South,Tablets,23140,7501
2022,Feb,South,Accessories,46469,11204
2022,Feb,South,TVs,25056,5148
2022,Feb,South,Smartwatches,51244,16878
2022,Feb,East,Laptops,14754,3832
2022,Feb,East,Phones,52251,18150
2022,Feb,East,Tablets,52771,14679
2022,Feb,East,Accessories,43492,12396
2022,Feb,East,TVs,23908,6408
2022,Feb,East,Smartwatches,19496,6022
2022,Feb,West,Laptops,36061,9241
2022,Feb,West,Phones,52073,7990
2022,Feb,West,Tablets,14175,3128
2022,Feb,West,Accessories,13895,2450
2022,Feb,West,TVs,44169,13593
2022,Feb,West,Smartwatches,29550,8612
2022,Mar,North,Laptops,40377,10509
2022,Mar,North,Phones,38352,9971
2022,Mar,North,Tablets,14014,4568
2022,Mar,North,Accessories,21813,3633
2022,Mar,North,TVs,28890,8736
2022,Mar,North,Smartwatches,30914,7262
2022,Mar,South,Laptops,12308,2178
2022,Mar,South,Phones,12386,4110
2022,Mar,South,Tablets,22471,7356
2022,Mar,South,Accessories,43945,7527
2022,Mar,South,TVs,38244,11945
2022,Mar,South,Smartwatches,29171,10172
2022,Mar,East,Laptops,39248,12329
2022,Mar,East,Phones,51995,7802
2022,Mar,East,Tablets,23480,4093
2022,Mar,East,Accessories,39928,12551
2022,Mar,East,TVs,57587,17539
2022,Mar,East,Smartwatches,20954,3796
2022,Mar,West,Laptops,48506,15920
2022,Mar,West,Phones,44063,14354
2022,Mar,West,Tablets,29367,5213
2022,Mar,West,Accessories,33935,9590
2022,Mar,West,TVs,55140,13806
2022,Mar,West,Smartwatches,15572,2741
2022,Apr,North,Laptops,58200,11947
2022,Apr,North,Phones,13671,2928
2022,Apr,North,Tablets,41871,9221
2022,Apr,North,Accessories,38231,12306
2022,Apr,North,TVs,48337,14787
2022,Apr,North,Smartwatches,39070,10501
2022,Apr,South,Laptops,14227,4611
2022,Apr,South,Phones,23949,7168
2022,Apr,South,Tablets,58394,17175
2022,Apr,South,Accessories,55992,11322
2022,Apr,South,TVs,43992,11546
2022,Apr,South,Smartwatches,28723,7347
2022,Apr,East,Laptops,46950,8194
2022,Apr,East,Phones,17174,4648
2022,Apr,East,Tablets,16284,3602
2022,Apr,East,Accessories,45215,11546
2022,Apr,East,TVs,32311,10067
2022,Apr,East,Smartwatches,54612,15202
2022,Apr,West,Laptops,33182,5031
2022,Apr,West,Phones,25467,7924
2022,Apr,West,Tablets,25954,7367
2022,Apr,West,Accessories,12641,2794
2022,Apr,West,TVs,38159,10865
2022,Apr,West,Smartwatches,24022,4102
2022,May,North,Laptops,27018,7244
2022,May,North,Phones,52880,11044
2022,May,North,Tablets,34080,10404
2022,May,North,Accessories,50470,15747
2022,May,North,TVs,45549,6932
2022,May,North,Smartwatches,52897,10068
2022,May,South,Laptops,42846,7521
2022,May,South,Phones,32111,9636
2022,May,South,Tablets,34193,9337
2022,May,South,Accessories,15034,2379
2022,May,South,TVs,14236,3158
2022,May,South,Smartwatches,44769,12611
2022,May,East,Laptops,27101,5264
2022,May,East,Phones,25139,4935
2022,May,East,Tablets,37987,7343
2022,May,East,Accessories,35943,7010
2022,May,East,TVs,41061,10683
2022,May,East,Smartwatches,13521,4012
2022,May,West,Laptops,40552,10875
2022,May,West,Phones,34039,7869
2022,May,West,Tablets,34761,11405
2022,May,West,Accessories,34033,8406
2022,May,West,TVs,27393,4325
2022,May,West,Smartwatches,43437,13327
2022,Jun,North,Laptops,48047,8533
2022,Jun,North,Phones,23839,5132
2022,Jun,North,Tablets,49457,10210
2022,Jun,North,Accessories,47876,7775
2022,Jun,North,TVs,45724,14500
2022,Jun,North,Smartwatches,27968,5838
2022,Jun,South,Laptops,27450,6995
2022,Jun,South,Phones,30297,9679
2022,Jun,South,Tablets,35784,7322
2022,Jun,South,Accessories,19234,3859
2022,Jun,South,TVs,36083,8215
2022,Jun,South,Smartwatches,17496,4597
2022,Jun,East,Laptops,56081,10733
2022,Jun,East,Phones,23651,6563
2022,Jun,East,Tablets,52240,17049
2022,Jun,East,Accessories,46557,12260
2022,Jun,East,TVs,49252,9537
2022,Jun,East,Smartwatches,32268,6777
2022,Jun,West,Laptops,48138,10008
2022,Jun,West,Phones,48564,10033
2022,Jun,West,Tablets,26403,7379
2022,Jun,West,Accessories,47689,13210
2022,Jun,West,TVs,21804,7525
2022,Jun,West,Smartwatches,59806,17624
2022,Jul,North,Laptops,33290,8245
2022,Jul,North,Phones,36295,9173
2022,Jul,North,Tablets,27939,5987
2022,Jul,North,Accessories,14390,4979
2022,Jul,North,TVs,53180,14757
2022,Jul,North,Smartwatches,54245,11421
2022,Jul,South,Laptops,34008,9050
2022,Jul,South,Phones,55927,16325
2022,Jul,South,Tablets,45987,9739
2022,Jul,South,Accessories,55491,15476
2022,Jul,South,TVs,23869,5064
2022,Jul,South,Smartwatches,21470,6466
2022,Jul,East,Laptops,23017,5883
2022,Jul,East,Phones,40155,13509
2022,Jul,East,Tablets,20380,7077
2022,Jul,East,Accessories,17571,5995
2022,Jul,East,TVs,47660,15017
2022,Jul,East,Smartwatches,33370,5079
2022,Jul,West,Laptops,19288,5424
2022,Jul,West,Phones,55166,8852
2022,Jul,West,Tablets,51765,11745
2022,Jul,West,Accessories,30072,5524
2022,Jul,West,TVs,59724,18526
2022,Jul,West,Smartwatches,17868,4941
2022,Aug,North,Laptops,35105,10747
2022,Aug,North,Phones,28136,7006
2022,Aug,North,Tablets,45817,10204
2022,Aug,North,Accessories,48165,15201
2022,Aug,North,TVs,56615,10471
2022,Aug,North,Smartwatches,42068,13640
2022,Aug,South,Laptops,49134,7756
2022,Aug,South,Phones,37863,8507
2022,Aug,South,Tablets,58784,20234
2022,Aug,South,Accessories,55117,18721
2022,Aug,South,TVs,55992,13591
2022,Aug,South,Smartwatches,39269,8148
2022,Aug,East,Laptops,56799,11746
2022,Aug,East,Phones,14350,4046
2022,Aug,East,Tablets,41138,9512
2022,Aug,East,Accessories,35184,6848
2022,Aug,East,TVs,50011,15359
2022,Aug,East,Smartwatches,14738,4913
2022,Aug,West,Laptops,35542,12308
2022,Aug,West,Phones,29673,6082
2022,Aug,West,Tablets,22875,5803
2022,Aug,West,Accessories,34612,5945
2022,Aug,West,TVs,26496,8843
2022,Aug,West,Smartwatches,10607,3528
2022,Sep,North,Laptops,11964,2306
2022,Sep,North,Phones,48167,15686
2022,Sep,North,Tablets,31732,4916
2022,Sep,North,Accessories,20430,5606
2022,Sep,North,TVs,59163,19398
2022,Sep,North,Smartwatches,42840,7075
2022,Sep,South,Laptops,14979,3567
2022,Sep,South,Phones,18884,4271
2022,Sep,South,Tablets,20386,7033
2022,Sep,South,Accessories,57107,10306
2022,Sep,South,TVs,34630,7411
2022,Sep,South,Smartwatches,54994,17225
2022,Sep,East,Laptops,12837,3223
2022,Sep,East,Phones,23870,7397
2022,Sep,East,Tablets,14271,3964
2022,Sep,East,Accessories,34728,11065
2022,Sep,East,TVs,17881,2871
2022,Sep,East,Smartwatches,21797,6091
2022,Sep,West,Laptops,41532,6835
2022,Sep,West,Phones,10758,2651
2022,Sep,West,Tablets,25234,6070
2022,Sep,West,Accessories,52248,16994
2022,Sep,West,TVs,57317,14068
2022,Sep,West,Smartwatches,35802,5597
2022,Oct,North,Laptops,19774,6013
2022,Oct,North,Phones,48682,11715
2022,Oct,North,Tablets,20845,6506
2022,Oct,North,Accessories,22271,4839
2022,Oct,North,TVs,39729,13742
2022,Oct,North,Smartwatches,25735,8325
2022,Oct,South,Laptops,30732,7598
2022,Oct,South,Phones,30399,7748
2022,Oct,South,Tablets,12098,2731
2022,Oct,South,Accessories,39315,12652
2022,Oct,South,TVs,19198,4040
2022,Oct,South,Smartwatches,15670,2972
2022,Oct,East,Laptops,24819,6463
2022,Oct,East,Phones,35509,11491
2022,Oct,East,Tablets,41907,10501
2022,Oct,East,Accessories,21365,3447
2022,Oct,East,TVs,50484,16049
2022,Oct,East,Smartwatches,26330,6436
2022,Oct,West,Laptops,39443,7041
2022,Oct,West,Phones,25280,5661
2022,Oct,West,Tablets,25810,7905
2022,Oct,West,Accessories,10462,2477
2022,Oct,West,TVs,29806,6680
2022,Oct,West,Smartwatches,26638,9003
2022,Nov,North,Laptops,14529,4818
2022,Nov,North,Phones,34979,8802
2022,Nov,North,Tablets,46440,9045
2022,Nov,North,Accessories,22972,6581
2022,Nov,North,TVs,51397,8600
2022,Nov,North,Smartwatches,10311,2399
2022,Nov,South,Laptops,20342,6527
2022,Nov,South,Phones,19266,5717
2022,Nov,South,Tablets,42146,8160
2022,Nov,South,Accessories,30790,7276
2022,Nov,South,TVs,48538,10153
2022,Nov,South,Smartwatches,45813,8441
2022,Nov,East,Laptops,33906,5924
2022,Nov,East,Phones,44981,9822
2022,Nov,East,Tablets,19242,3892
2022,Nov,East,Accessories,10253,2342
2022,Nov,East,TVs,56041,17802
2022,Nov,East,Smartwatches,13821,2504
2022,Nov,West,Laptops,59838,9438
2022,Nov,West,Phones,27002,5659
2022,Nov,West,Tablets,34985,5634
2022,Nov,West,Accessories,58947,17258
2022,Nov,West,TVs,16537,4067
2022,Nov,West,Smartwatches,45348,9643
2022,Dec,North,Laptops,29712,8212
2022,Dec,North,Phones,26241,8676
2022,Dec,North,Tablets,14953,2520
2022,Dec,North,Accessories,22889,7782
2022,Dec,North,TVs,31586,5097
2022,Dec,North,Smartwatches,18666,6474
2022,Dec,South,Laptops,43932,7171
2022,Dec,South,Phones,22276,5157
2022,Dec,South,Tablets,24605,7333
2022,Dec,South,Accessories,30938,6674
2022,Dec,South,TVs,12774,3344
2022,Dec,South,Smartwatches,30148,8121
2022,Dec,East,Laptops,16043,5444
2022,Dec,East,Phones,13823,3708
2022,Dec,East,Tablets,58153,9351
2022,Dec,East,Accessories,24256,4546
2022,Dec,East,TVs,14164,3865
2022,Dec,East,Smartwatches,12058,3013
2022,Dec,West,Laptops,56125,17433
2022,Dec,West,Phones,28504,4593
2022,Dec,West,Tablets,50943,8705
2022,Dec,West,Accessories,21813,4550
2022,Dec,West,TVs,16922,2869
2022,Dec,West,Smartwatches,40932,6603
2023,Jan,North,Laptops,20088,5643
2023,Jan,North,Phones,52017,14507
2023,Jan,North,Tablets,29119,6893
2023,Jan,North,Accessories,31139,9858
2023,Jan,North,TVs,17766,3709
2023,Jan,North,Smartwatches,58798,20547
2023,Jan,South,Laptops,40806,10879
2023,Jan,South,Phones,52674,17536
2023,Jan,South,Tablets,54045,12619
2023,Jan,South,Accessories,27257,4752
2023,Jan,South,TVs,25860,5944
2023,Jan,South,Smartwatches,39925,11598
2023,Jan,East,Laptops,51833,10154
2023,Jan,East,Phones,40411,10403
2023,Jan,East,Tablets,25414,4074
2023,Jan,East,Accessories,36765,7846
2023,Jan,East,TVs,29571,6059
2023,Jan,East,Smartwatches,28563,9708
2023,Jan,West,Laptops,43575,11278
2023,Jan,West,Phones,51555,9646
2023,Jan,West,Tablets,22978,6594
2023,Jan,West,Accessories,12765,4381
2023,Jan,West,TVs,20045,3446
2023,Jan,West,Smartwatches,38206,6266
2023,Feb,North,Laptops,53941,11877
2023,Feb,North,Phones,53245,12295
2023,Feb,North,Tablets,46890,12584
2023,Feb,North,Accessories,47314,12379
2023,Feb,North,TVs,30960,5778
2023,Feb,North,Smartwatches,29309,9681
2023,Feb,South,Laptops,19566,3252
2023,Feb,South,Phones,29137,9944
2023,Feb,South,Tablets,32225,6637
2023,Feb,South,Accessories,37510,9938
2023,Feb,South,TVs,32880,10576
2023,Feb,South,Smartwatches,23802,6533
2023,Feb,East,Laptops,49049,7983
2023,Feb,East,Phones,44951,11599
2023,Feb,East,Tablets,49222,13924
2023,Feb,East,Accessories,15916,3018
2023,Feb,East,TVs,27851,6670
2023,Feb,East,Smartwatches,46845,8476
2023,Feb,West,Laptops,33662,11429
2023,Feb,West,Phones,13855,4003
2023,Feb,West,Tablets,15497,3469
2023,Feb,West,Accessories,30047,10256
2023,Feb,West,TVs,42294,13391
2023,Feb,West,Smartwatches,34437,9947
2023,Mar,North,Laptops,45469,7650
2023,Mar,North,Phones,30360,8392
2023,Mar,North,Tablets,19066,3647
2023,Mar,North,Accessories,51352,16934
2023,Mar,North,TVs,13107,4318
2023,Mar,North,Smartwatches,59595,13751
2023,Mar,South,Laptops,36826,6580
2023,Mar,South,Phones,25958,6672
2023,Mar,South,Tablets,58868,18485
2023,Mar,South,Accessories,25313,8288
2023,Mar,South,TVs,49338,11671
2023,Mar,South,Smartwatches,45227,9268
2023,Mar,East,Laptops,38512,6419
2023,Mar,East,Phones,38568,6098
2023,Mar,East,Tablets,21010,6499
2023,Mar,East,Accessories,50587,8354
2023,Mar,East,TVs,42310,14418
2023,Mar,East,Smartwatches,32571,9523
2023,Mar,West,Laptops,28870,7321
2023,Mar,West,Phones,41283,14318
2023,Mar,West,Tablets,12431,3499
2023,Mar,West,Accessories,31598,8121
2023,Mar,West,TVs,12860,4016
2023,Mar,West,Smartwatches,32787,11071
2023,Apr,North,Laptops,26433,4015
2023,Apr,North,Phones,43799,12608
2023,Apr,North,Tablets,27479,5044
2023,Apr,North,Accessories,11800,3969
2023,Apr,North,TVs,35527,10313
2023,Apr,North,Smartwatches,30753,9126
2023,Apr,South,Laptops,51847,16957
2023,Apr,South,Phones,43332,9949
2023,Apr,South,Tablets,33092,8632
2023,Apr,South,Accessories,36269,9044
2023,Apr,South,TVs,33202,6154
2023,Apr,South,Smartwatches,46717,15458
2023,Apr,East,Laptops,42514,11761
2023,Apr,East,Phones,21947,3923
2023,Apr,East,Tablets,33469,6897
2023,Apr,East,Accessories,56018,13558
2023,Apr,East,TVs,47745,12506
2023,Apr,East,Smartwatches,27889,7683
2023,Apr,West,Laptops,40226,8986
2023,Apr,West,Phones,56458,12522
2023,Apr,West,Tablets,27904,8955
2023,Apr,West,Accessories,35166,10067
2023,Apr,West,TVs,27352,8518
2023,Apr,West,Smartwatches,38099,10263
2023,May,North,Laptops,29180,7809
2023,May,North,Phones,42969,10636
2023,May,North,Tablets,18715,4962
2023,May,North,Accessories,34217,5676
2023,May,North,TVs,53267,15845
2023,May,North,Smartwatches,19746,6009
2023,May,South,Laptops,42139,6581
2023,May,South,Phones,59156,10328
2023,May,South,Tablets,51126,13550
2023,May,South,Accessories,25622,4433
2023,May,South,TVs,18537,5209
2023,May,South,Smartwatches,29033,4896
2023,May,East,Laptops,33534,7485
2023,May,East,Phones,34839,11432
2023,May,East,Tablets,40861,12415
2023,May,East,Accessories,34630,6083
2023,May,East,TVs,37142,8287
2023,May,East,Smartwatches,45995,7848
2023,May,West,Laptops,29246,5988
2023,May,West,Phones,26244,7763
2023,May,West,Tablets,33843,7401
2023,May,West,Accessories,44087,13500
2023,May,West,TVs,42057,8966
2023,May,West,Smartwatches,49053,8980
2023,Jun,North,Laptops,46470,12166
2023,Jun,North,Phones,27384,5424
2023,Jun,North,Tablets,23288,7013
2023,Jun,North,Accessories,56330,19368
2023,Jun,North,TVs,43764,14765
2023,Jun,North,Smartwatches,44225,8625
2023,Jun,South,Laptops,41771,10642
2023,Jun,South,Phones,22330,6848
2023,Jun,South,Tablets,26420,5608
2023,Jun,South,Accessories,32582,9760
2023,Jun,South,TVs,47158,9111
2023,Jun,South,Smartwatches,24032,8285
2023,Jun,East,Laptops,25034,6571
2023,Jun,East,Phones,49028,9272
2023,Jun,East,Tablets,59534,9599
2023,Jun,East,Accessories,32441,9064
2023,Jun,East,TVs,24493,6573
2023,Jun,East,Smartwatches,59358,19780
2023,Jun,West,Laptops,55350,13125
2023,Jun,West,Phones,18151,3329
2023,Jun,West,Tablets,15549,5032
2023,Jun,West,Accessories,32405,7585
2023,Jun,West,TVs,43083,8555
2023,Jun,West,Smartwatches,37409,8494
2023,Jul,North,Laptops,40103,9720
2023,Jul,North,Phones,41694,6965
2023,Jul,North,Tablets,44868,13991
2023,Jul,North,Accessories,19906,4803
2023,Jul,North,TVs,45488,11952
2023,Jul,North,Smartwatches,16282,4816
2023,Jul,South,Laptops,32853,9616
2023,Jul,South,Phones,30369,6924
2023,Jul,South,Tablets,29559,9191
2023,Jul,South,Accessories,47325,15559
2023,Jul,South,TVs,42707,13887
2023,Jul,South,Smartwatches,15979,3152
2023,Jul,East,Laptops,14640,3611
2023,Jul,East,Phones,29162,6628
2023,Jul,East,Tablets,25303,5556
2023,Jul,East,Accessories,41105,12850
2023,Jul,East,TVs,30507,7646
2023,Jul,East,Smartwatches,54135,11723
2023,Jul,West,Laptops,27122,6044
2023,Jul,West,Phones,10129,2064
2023,Jul,West,Tablets,32423,10597
2023,Jul,West,Accessories,16726,3739
2023,Jul,West,TVs,32429,7214
2023,Jul,West,Smartwatches,36962,11958
2023,Aug,North,Laptops,12959,2875
2023,Aug,North,Phones,26349,8594
2023,Aug,North,Tablets,54701,9958
2023,Aug,North,Accessories,49250,17005
2023,Aug,North,TVs,55854,8461
2023,Aug,North,Smartwatches,49409,11685
2023,Aug,South,Laptops,31886,10881
2023,Aug,South,Phones,54563,14419
2023,Aug,South,Tablets,54278,10772
2023,Aug,South,Accessories,30034,5677
2023,Aug,South,TVs,51067,15778
2023,Aug,South,Smartwatches,33465,10331
2023,Aug,East,Laptops,59126,16271
2023,Aug,East,Phones,58759,15347
2023,Aug,East,Tablets,27727,9312
2023,Aug,East,Accessories,51039,7986
2023,Aug,East,TVs,41160,11139
2023,Aug,East,Smartwatches,21463,3824
2023,Aug,West,Laptops,17869,3978
2023,Aug,West,Phones,51442,8635
2023,Aug,West,Tablets,59621,9089
2023,Aug,West,Accessories,50584,13797
2023,Aug,West,TVs,35697,10631
2023,Aug,West,Smartwatches,18433,4626
2023,Sep,North,Laptops,37855,9895
2023,Sep,North,Phones,17289,2838
2023,Sep,North,Tablets,21134,4921
2023,Sep,North,Accessories,28526,8228
2023,Sep,North,TVs,14370,2643
2023,Sep,North,Smartwatches,22199,7517
2023,Sep,South,Laptops,18266,6175
2023,Sep,South,Phones,23070,4031
2023,Sep,South,Tablets,55818,16278
2023,Sep,South,Accessories,17975,5503
2023,Sep,South,TVs,10975,2584
2023,Sep,South,Smartwatches,55633,12345
2023,Sep,East,Laptops,58727,19400
2023,Sep,East,Phones,13354,4106
2023,Sep,East,Tablets,29171,5614
2023,Sep,East,Accessories,46555,12595
2023,Sep,East,TVs,13685,3953
2023,Sep,East,Smartwatches,12084,4013
2023,Sep,West,Laptops,49786,16299
2023,Sep,West,Phones,51968,12574
2023,Sep,West,Tablets,53479,15743
2023,Sep,West,Accessories,44534,11440
2023,Sep,West,TVs,47962,12459
2023,Sep,West,Smartwatches,28804,7080
2023,Oct,North,Laptops,59761,16295
2023,Oct,North,Phones,42594,13407
2023,Oct,North,Tablets,17421,4065
2023,Oct,North,Accessories,29517,6635
2023,Oct,North,TVs,10999,3641
2023,Oct,North,Smartwatches,24973,6445
2023,Oct,South,Laptops,17817,4495
2023,Oct,South,Phones,48744,7959
2023,Oct,South,Tablets,25535,6412
2023,Oct,South,Accessories,17683,3912
2023,Oct,South,TVs,17682,6026
2023,Oct,South,Smartwatches,16454,3082
2023,Oct,East,Laptops,24510,5214
2023,Oct,East,Phones,15362,3160
2023,Oct,East,Tablets,14549,3494
2023,Oct,East,Accessories,32061,6143
2023,Oct,East,TVs,38842,8412
2023,Oct,East,Smartwatches,19915,4630
2023,Oct,West,Laptops,48164,8154
2023,Oct,West,Phones,20749,4598
2023,Oct,West,Tablets,27937,4538
2023,Oct,West,Accessories,24941,6730
2023,Oct,West,TVs,29062,6686
2023,Oct,West,Smartwatches,13063,3113
2023,Nov,North,Laptops,42263,12778
2023,Nov,North,Phones,27837,5689
2023,Nov,North,Tablets,39844,6516
2023,Nov,North,Accessories,19228,5916
2023,Nov,North,TVs,51612,16439
2023,Nov,North,Smartwatches,29787,8387
2023,Nov,South,Laptops,28736,8962
2023,Nov,South,Phones,13183,4392
2023,Nov,South,Tablets,58823,15745
2023,Nov,South,Accessories,11774,1814
2023,Nov,South,TVs,11262,3873
2023,Nov,South,Smartwatches,11737,2906
2023,Nov,East,Laptops,38735,13547
2023,Nov,East,Phones,31176,9021
2023,Nov,East,Tablets,50371,17551
2023,Nov,East,Accessories,53409,15563
2023,Nov,East,TVs,36205,7412
2023,Nov,East,Smartwatches,46206,10476
2023,Nov,West,Laptops,43595,7617
2023,Nov,West,Phones,14591,3742
2023,Nov,West,Tablets,32561,6367
2023,Nov,West,Accessories,19553,5985
2023,Nov,West,TVs,13190,4037
2023,Nov,West,Smartwatches,29839,7696
2023,Dec,North,Laptops,59474,17280
2023,Dec,North,Phones,36253,10582
2023,Dec,North,Tablets,35335,5739
2023,Dec,North,Accessories,48032,12434
2023,Dec,North,TVs,45862,8668
2023,Dec,North,Smartwatches,31081,9138
2023,Dec,South,Laptops,43958,15099
2023,Dec,South,Phones,49328,17130
2023,Dec,South,Tablets,17775,3834
2023,Dec,South,Accessories,25049,5738
2023,Dec,South,TVs,49037,13828
2023,Dec,South,Smartwatches,37804,9363
2023,Dec,East,Laptops,24738,6589
2023,Dec,East,Phones,44820,11621
2023,Dec,East,Tablets,54823,11307
2023,Dec,East,Accessories,19343,3084
2023,Dec,East,TVs,17603,3017
2023,Dec,East,Smartwatches,55041,8521
2023,Dec,West,Laptops,23318,4476
2023,Dec,West,Phones,33509,9984
2023,Dec,West,Tablets,14505,3741
2023,Dec,West,Accessories,47032,15391
2023,Dec,West,TVs,32548,10742
2023,Dec,West,Smartwatches,58043,12103
2024,Jan,North,Laptops,51928,12781
2024,Jan,North,Phones,27290,6427
2024,Jan,North,Tablets,17536,4220
2024,Jan,North,Accessories,29372,9601
2024,Jan,North,TVs,59937,15980
2024,Jan,North,Smartwatches,30357,7180
2024,Jan,South,Laptops,50408,11552
2024,Jan,South,Phones,59514,10584
2024,Jan,South,Tablets,47367,12774
2024,Jan,South,Accessories,37957,12118
2024,Jan,South,TVs,52035,11750
2024,Jan,South,Smartwatches,34779,7331
2024,Jan,East,Laptops,20183,4807
2024,Jan,East,Phones,14626,2630
2024,Jan,East,Tablets,41039,9029
2024,Jan,East,Accessories,29196,8137
2024,Jan,East,TVs,18828,3457
2024,Jan,East,Smartwatches,26736,4456
2024,Jan,West,Laptops,29721,10382
2024,Jan,West,Phones,17150,6000
2024,Jan,West,Tablets,28035,5412
2024,Jan,West,Accessories,14260,4495
2024,Jan,West,TVs,55020,18682
2024,Jan,West,Smartwatches,22069,3360
2024,Feb,North,Laptops,19532,3574
2024,Feb,North,Phones,28840,8543
2024,Feb,North,Tablets,54180,15101
2024,Feb,North,Accessories,26273,8555
2024,Feb,North,TVs,51367,10944
2024,Feb,North,Smartwatches,24849,8326
2024,Feb,South,Laptops,10613,2246
2024,Feb,South,Phones,33295,7865
2024,Feb,South,Tablets,51811,8741
2024,Feb,South,Accessories,26600,7565
2024,Feb,South,TVs,38511,8505
2024,Feb,South,Smartwatches,16649,4234
2024,Feb,East,Laptops,31119,7161
2024,Feb,East,Phones,33346,10180
2024,Feb,East,Tablets,55126,10088
2024,Feb,East,Accessories,40744,8771
2024,Feb,East,TVs,13451,2726
2024,Feb,East,Smartwatches,45030,12003
2024,Feb,West,Laptops,59038,15677
2024,Feb,West,Phones,45269,8726
2024,Feb,West,Tablets,20086,4796
2024,Feb,West,Accessories,58147,18913
2024,Feb,West,TVs,16984,2904
2024,Feb,West,Smartwatches,11866,2465
2024,Mar,North,Laptops,51960,12190
2024,Mar,North,Phones,45714,11240
2024,Mar,North,Tablets,24858,6298
2024,Mar,North,Accessories,23536,5147
2024,Mar,North,TVs,53203,9714
2024,Mar,North,Smartwatches,59021,18528
2024,Mar,South,Laptops,28366,4698
2024,Mar,South,Phones,34813,7328
2024,Mar,South,Tablets,47640,16387
2024,Mar,South,Accessories,27434,7115
2024,Mar,South,TVs,46881,9892
2024,Mar,South,Smartwatches,21322,3854
2024,Mar,East,Laptops,31400,9039
2024,Mar,East,Phones,26946,7587
2024,Mar,East,Tablets,37830,8129
2024,Mar,East,Accessories,40769,10736
2024,Mar,East,TVs,28822,8717
2024,Mar,East,Smartwatches,54616,14652
2024,Mar,West,Laptops,30765,9003
2024,Mar,West,Phones,49064,13020
2024,Mar,West,Tablets,59816,20252
2024,Mar,West,Accessories,58784,19417
2024,Mar,West,TVs,47854,10440
2024,Mar,West,Smartwatches,17262,3832
2024,Apr,North,Laptops,24570,7330
2024,Apr,North,Phones,36206,12661
2024,Apr,North,Tablets,35965,10203
2024,Apr,North,Accessories,30686,5467
2024,Apr,North,TVs,39195,12228
2024,Apr,North,Smartwatches,40036,7453
2024,Apr,South,Laptops,16974,3154
2024,Apr,South,Phones,15341,3405
2024,Apr,South,Tablets,43838,7227
2024,Apr,South,Accessories,43363,9080
2024,Apr,South,TVs,35509,8946
2024,Apr,South,Smartwatches,38185,8007
2024,Apr,East,Laptops,12257,3433
2024,Apr,East,Phones,48417,14384
2024,Apr,East,Tablets,33617,11125
2024,Apr,East,Accessories,38356,11451
2024,Apr,East,TVs,55211,8933
2024,Apr,East,Smartwatches,47356,9619
2024,Apr,West,Laptops,38707,8495
2024,Apr,West,Phones,53361,17406
2024,Apr,West,Tablets,44445,8315
2024,Apr,West,Accessories,30866,7688
2024,Apr,West,TVs,40459,13713
2024,Apr,West,Smartwatches,26924,9267
2024,May,North,Laptops,55314,16465
2024,May,North,Phones,41885,7924
2024,May,North,Tablets,43715,13865
2024,May,North,Accessories,54406,10002
2024,May,North,TVs,36837,8980
2024,May,North,Smartwatches,47963,11674
2024,May,South,Laptops,58455,14939
2024,May,South,Phones,19226,4337
2024,May,South,Tablets,20424,5933
2024,May,South,Accessories,32987,8914
2024,May,South,TVs,29754,5158
2024,May,South,Smartwatches,55000,17957
2024,May,East,Laptops,34973,5654
2024,May,East,Phones,16896,4636
2024,May,East,Tablets,29884,6490
2024,May,East,Accessories,22915,5870
2024,May,East,TVs,25050,4265
2024,May,East,Smartwatches,20239,6140
2024,May,West,Laptops,48242,12983
2024,May,West,Phones,39333,12154
2024,May,West,Tablets,17760,4607
2024,May,West,Accessories,32810,10584
2024,May,West,TVs,15540,3404
2024,May,West,Smartwatches,31078,7927
2024,Jun,North,Laptops,39524,12693
2024,Jun,North,Phones,16641,3374
2024,Jun,North,Tablets,10647,2898
2024,Jun,North,Accessories,12594,2849
2024,Jun,North,TVs,19021,2988
2024,Jun,North,Smartwatches,20769,3610
2024,Jun,South,Laptops,54834,16133
2024,Jun,South,Phones,32805,6860
2024,Jun,South,Tablets,42849,8487
2024,Jun,South,Accessories,34940,6937
2024,Jun,South,TVs,39763,9118
2024,Jun,South,Smartwatches,22632,3487
2024,Jun,East,Laptops,48907,10741
2024,Jun,East,Phones,53624,14330
2024,Jun,East,Tablets,11342,1935
2024,Jun,East,Accessories,38785,8030
2024,Jun,East,TVs,39515,12577
2024,Jun,East,Smartwatches,50828,8712
2024,Jun,West,Laptops,11085,2360
2024,Jun,West,Phones,39519,8729
2024,Jun,West,Tablets,37942,7670
2024,Jun,West,Accessories,29473,10180
2024,Jun,West,TVs,31931,9823
2024,Jun,West,Smartwatches,22589,6626
2024,Jul,North,Laptops,19683,3089
2024,Jul,North,Phones,22627,7218
2024,Jul,North,Tablets,43576,12338
2024,Jul,North,Accessories,36751,11433
2024,Jul,North,TVs,32551,5017
2024,Jul,North,Smartwatches,16777,3865
2024,Jul,South,Laptops,14834,4333
2024,Jul,South,Phones,33622,10696
2024,Jul,South,Tablets,50602,13516
2024,Jul,South,Accessories,30674,7649
2024,Jul,South,TVs,27238,4950
2024,Jul,South,Smartwatches,13918,2559
2024,Jul,East,Laptops,41043,7443
2024,Jul,East,Phones,48423,10987
2024,Jul,East,Tablets,31304,7786
2024,Jul,East,Accessories,15645,2972
2024,Jul,East,TVs,20103,3752
2024,Jul,East,Smartwatches,34193,5545
2024,Jul,West,Laptops,45073,12202
2024,Jul,West,Phones,20900,5644
2024,Jul,West,Tablets,47477,10960
2024,Jul,West,Accessories,21526,4833
2024,Jul,West,TVs,13075,2939
2024,Jul,West,Smartwatches,39422,8813
2024,Aug,North,Laptops,51124,12517
2024,Aug,North,Phones,43911,7008
2024,Aug,North,Tablets,34345,8839
2024,Aug,North,Accessories,12456,3150
2024,Aug,North,TVs,44962,12004
2024,Aug,North,Smartwatches,26019,7590
2024,Aug,South,Laptops,53686,8251
2024,Aug,South,Phones,31090,9360
2024,Aug,South,Tablets,58748,9463
2024,Aug,South,Accessories,18351,4276
2024,Aug,South,TVs,45784,11948
2024,Aug,South,Smartwatches,21749,4627
2024,Aug,East,Laptops,42621,7950
2024,Aug,East,Phones,20507,4601
2024,Aug,East,Tablets,24142,5877
2024,Aug,East,Accessories,29426,9962
2024,Aug,East,TVs,56862,9531
2024,Aug,East,Smartwatches,25432,5011
2024,Aug,West,Laptops,47549,14706
2024,Aug,West,Phones,55069,19038
2024,Aug,West,Tablets,59504,16663
2024,Aug,West,Accessories,43684,12603
2024,Aug,West,TVs,56717,15645
2024,Aug,West,Smartwatches,37897,9725
2024,Sep,North,Laptops,57507,12429
2024,Sep,North,Phones,21949,3393
2024,Sep,North,Tablets,55203,9809
2024,Sep,North,Accessories,11527,3631
2024,Sep,North,TVs,58268,9995
2024,Sep,North,Smartwatches,12251,2436
2024,Sep,South,Laptops,34662,8521
2024,Sep,South,Phones,57487,19323
2024,Sep,South,Tablets,17183,3687
2024,Sep,South,Accessories,14338,4212
2024,Sep,South,TVs,58768,13365
2024,Sep,South,Smartwatches,37065,7603
2024,Sep,East,Laptops,32157,9226
2024,Sep,East,Phones,33562,10344
2024,Sep,East,Tablets,35370,7523
2024,Sep,East,Accessories,54859,9948
2024,Sep,East,TVs,51894,13718
2024,Sep,East,Smartwatches,37219,8312
2024,Sep,West,Laptops,25245,5549
2024,Sep,West,Phones,33738,6515
2024,Sep,West,Tablets,41774,7807
2024,Sep,West,Accessories,50184,11166
2024,Sep,West,TVs,15529,2663
2024,Sep,West,Smartwatches,48524,9871
2024,Oct,North,Laptops,25109,4123
2024,Oct,North,Phones,43668,8993
2024,Oct,North,Tablets,47546,11209
2024,Oct,North,Accessories,36656,7677
2024,Oct,North,TVs,22808,4104
2024,Oct,North,Smartwatches,27390,8771
2024,Oct,South,Laptops,43676,14316
2024,Oct,South,Phones,56060,19285
2024,Oct,South,Tablets,19477,6267
2024,Oct,South,Accessories,31650,6133
2024,Oct,South,TVs,27575,7730
2024,Oct,South,Smartwatches,50504,14224
2024,Oct,East,Laptops,13217,4060
2024,Oct,East,Phones,51594,12357
2024,Oct,East,Tablets,54382,10721
2024,Oct,East,Accessories,42523,6689
2024,Oct,East,TVs,49607,17114
2024,Oct,East,Smartwatches,11613,2936
2024,Oct,West,Laptops,10247,3046
2024,Oct,West,Phones,16812,2534
2024,Oct,West,Tablets,16264,3458
2024,Oct,West,Accessories,39210,8053
2024,Oct,West,TVs,51192,10410
2024,Oct,West,Smartwatches,54352,12492
2024,Nov,North,Laptops,31564,10133
2024,Nov,North,Phones,41864,8859
2024,Nov,North,Tablets,39978,12247
2024,Nov,North,Accessories,40711,10777
2024,Nov,North,TVs,33083,10305
2024,Nov,North,Smartwatches,46926,10784
2024,Nov,South,Laptops,49114,12611
2024,Nov,South,Phones,49451,11551
2024,Nov,South,Tablets,18633,4246
2024,Nov,South,Accessories,38102,6629
2024,Nov,South,TVs,40523,11840
2024,Nov,South,Smartwatches,45539,6973
2024,Nov,East,Laptops,50070,9264
2024,Nov,East,Phones,44566,11251
2024,Nov,East,Tablets,42916,8959
2024,Nov,East,Accessories,13680,2808
2024,Nov,East,TVs,40025,9142
2024,Nov,East,Smartwatches,18232,4722
2024,Nov,West,Laptops,47178,9918
2024,Nov,West,Phones,21511,6957
2024,Nov,West,Tablets,29289,9571
2024,Nov,West,Accessories,57840,9161
2024,Nov,West,TVs,33303,9350
2024,Nov,West,Smartwatches,35926,6767
2024,Dec,North,Laptops,57774,11962
2024,Dec,North,Phones,34245,11140
2024,Dec,North,Tablets,43332,9738
2024,Dec,North,Accessories,17190,4815
2024,Dec,North,TVs,17652,5193
2024,Dec,North,Smartwatches,34617,11642
2024,Dec,South,Laptops,16511,4174
2024,Dec,South,Phones,40156,10047
2024,Dec,South,Tablets,24477,4946
2024,Dec,South,Accessories,34494,9031
2024,Dec,South,TVs,23222,7771
2024,Dec,South,Smartwatches,16923,3324
2024,Dec,East,Laptops,48604,12960
2024,Dec,East,Phones,33362,7797
2024,Dec,East,Tablets,48374,8830
2024,Dec,East,Accessories,29982,6081
2024,Dec,East,TVs,47333,7607
2024,Dec,East,Smartwatches,12863,2961
2024,Dec,West,Laptops,35460,9540
2024,Dec,West,Phones,17856,4684
2024,Dec,West,Tablets,34036,10679
2024,Dec,West,Accessories,52775,14773
2024,Dec,West,TVs,21935,6599
2024,Dec,West,Smartwatches,45597,10265
