CUSTOMERNAME,SALES,QUANTITYORDERED,Contact Name,PHONE,Address1,COUNTRY
Bob,2817,31,David Johnson,370-271-6614,Street N,India
Alice,2945,2,Ivy Lee,564-710-2127,Street O,India
Eva,4511,24,Helen Johnson,335-487-7315,Street C,France
David,1717,22,Frank Lee,235-211-1271,Street D,UK
David,4158,44,Helen Lee,307-635-9263,Street E,Canada
Charlie,4912,8,Bob Patel,800-529-3450,Street A,France
Bob,4467,27,Helen Brown,720-198-3906,Street P,Japan
Ivy,3327,38,Helen Smith,587-729-1639,Street L,India
Bob,3223,20,Frank Patel,998-902-9706,Street J,France
Jack,4951,47,Bob Johnson,615-870-2925,Street W,UK
Grace,3590,45,Eva Smith,195-593-3135,Street L,Australia
Alice,4230,41,Alice Brown,717-652-1019,Street E,Canada
Alice,3136,2,Bob Patel,893-794-8069,Street O,Australia
Bob,2045,39,Alice Lee,634-530-7068,Street T,Germany
David,2456,31,Frank Johnson,995-144-9680,Street Q,Japan
David,3637,17,Bob Patel,539-334-8899,Street Y,Japan
Ivy,2413,42,Charlie Patel,908-887-7246,Street K,India
Jack,3865,50,David Smith,458-703-2600,Street F,Japan
Alice,857,38,Ivy Johnson,535-237-5170,Street W,France
Ivy,3106,37,Charlie Johnson,588-884-4809,Street J,India
David,4374,15,Ivy Johnson,979-185-5641,Street A,Canada
Ivy,3623,47,Charlie Smith,712-997-9908,Street X,India
Grace,3662,4,Frank Johnson,518-363-4096,Street D,Australia
David,1746,38,Ivy Smith,105-826-1116,Street H,UK
Helen,4557,31,Grace Lee,691-635-2930,Street E,India
Jack,803,11,Helen Smith,632-107-7144,Street W,India
Eva,1534,34,David Brown,770-310-6175,Street E,Canada
Alice,4614,41,Grace Johnson,518-470-2746,Street W,USA
Charlie,3219,47,Charlie Brown,258-536-5155,Street H,Australia
Grace,1322,40,Charlie Brown,367-975-9783,Street J,Japan
Frank,4106,50,Grace Lee,533-678-6990,Street E,Germany
Eva,1316,25,Grace Patel,726-382-7511,Street G,UK
Charlie,4808,10,Alice Lee,873-308-7770,Street E,Japan
David,4243,44,Jack Smith,665-902-8904,Street C,Canada
Frank,625,16,David Smith,283-479-8925,Street N,France
Bob,1680,3,Helen Johnson,359-414-6641,Street W,Japan
Bob,3858,37,Jack Brown,892-822-7522,Street Y,India
Grace,1764,45,Grace Lee,853-241-2951,Street Z,Canada
Bob,1112,8,Grace Patel,865-335-8317,Street D,Japan
Frank,4346,13,Alice Lee,901-816-3650,Street C,France
Frank,2671,2,David Johnson,202-319-9328,Street A,UK
Jack,3273,29,David Lee,510-904-6544,Street Y,UK
Eva,3756,21,Eva Patel,920-663-1852,Street P,France
Alice,1157,27,Bob Patel,264-498-1086,Street Y,Germany
Helen,3191,10,Jack Brown,923-193-3381,Street N,India
Ivy,4871,27,Bob Brown,582-714-8133,Street B,France
Bob,3613,45,Ivy Johnson,190-165-5310,Street G,USA
Grace,3094,14,Charlie Brown,327-479-2311,Street D,Canada
Bob,4497,27,Frank Smith,723-138-7296,Street B,USA
Ivy,4932,33,Frank Brown,510-728-9536,Street Z,Canada
Eva,794,50,David Smith,393-828-1941,Street V,India
Jack,1060,40,Helen Lee,892-939-3871,Street Q,India
Frank,2423,31,Bob Smith,755-606-8192,Street S,Canada
Jack,2854,48,Eva Johnson,110-306-9489,Street B,Japan
David,2363,47,Helen Patel,392-299-1550,Street P,France
Bob,1240,4,Ivy Johnson,902-713-9364,Street D,Australia
Alice,4055,46,Frank Johnson,628-815-4795,Street I,France
David,1306,9,Jack Johnson,729-273-1590,Street B,Canada
Eva,1323,34,Grace Johnson,468-344-1004,Street C,USA
Bob,4134,14,Jack Brown,261-188-5520,Street J,Canada
David,1862,36,Grace Lee,898-509-6785,Street V,Japan
Bob,2953,21,Jack Patel,785-504-7642,Street A,UK
Grace,737,43,Bob Smith,700-305-9482,Street Y,UK
Eva,876,31,Frank Smith,115-854-2124,Street D,India
Helen,3157,34,Frank Lee,192-662-5661,Street Z,USA
Frank,959,25,Helen Johnson,843-949-6703,Street D,Canada
Charlie,2903,21,Jack Johnson,455-935-5530,Street T,India
Frank,3436,12,Charlie Patel,331-720-4187,Street G,France
Frank,3570,30,Eva Smith,565-513-1076,Street S,Australia
David,4028,35,Jack Johnson,367-279-7670,Street G,Japan
Eva,1692,22,Jack Brown,618-209-2185,Street F,Japan
Bob,2500,35,Bob Patel,615-401-6570,Street V,France
Jack,4851,23,Charlie Brown,219-922-9409,Street L,Australia
Charlie,3875,44,Frank Brown,363-997-9813,Street A,UK
Ivy,1975,50,Bob Lee,932-912-5098,Street C,Germany
David,1892,47,David Lee,810-553-7178,Street E,UK
Charlie,1934,44,Eva Brown,676-595-4985,Street X,Canada
Helen,1146,42,Bob Lee,875-447-8517,Street I,France
Grace,3633,45,Charlie Brown,797-571-1448,Street S,Canada
Eva,2472,17,Frank Johnson,593-219-5224,Street L,India
Ivy,4576,40,Charlie Lee,169-491-4610,Street L,USA
David,1672,31,Ivy Brown,793-818-4767,Street F,USA
Frank,2402,13,Grace Patel,919-423-7757,Street Q,India
Alice,4277,16,Grace Patel,461-628-9776,Street Y,Canada
David,2580,18,Jack Lee,109-817-5314,Street X,USA
Alice,4264,36,Charlie Patel,354-394-2523,Street T,UK
Frank,2591,20,Jack Smith,508-789-6603,Street H,Japan
Grace,576,15,Grace Smith,177-667-3924,Street Q,Japan
Eva,4311,20,Grace Patel,587-421-6792,Street S,India
Bob,2856,50,Charlie Brown,323-687-5408,Street C,Japan
David,4977,19,Helen Patel,287-864-4115,Street D,France
Jack,1794,46,Ivy Patel,610-854-4271,Street S,Australia
Frank,1105,14,Charlie Patel,340-853-4965,Street Y,India
David,4118,45,Ivy Brown,993-371-4387,Street A,France
Helen,3330,46,Charlie Brown,334-307-5091,Street Q,Canada
Grace,2950,32,Helen Smith,956-733-6833,Street G,UK
Helen,3975,21,Eva Lee,259-897-2747,Street W,UK
Charlie,2548,31,Charlie Smith,222-180-9071,Street G,USA
Eva,4242,23,Charlie Brown,728-106-9871,Street J,Germany
Charlie,2974,36,Frank Brown,143-968-8901,Street F,Canada
David,2131,47,Helen Brown,480-735-6167,Street Y,USA
Ivy,3651,18,Jack Brown,604-688-5501,Street R,Germany
Ivy,4458,19,Alice Brown,602-287-9374,Street A,USA
Eva,1373,8,Frank Brown,386-507-4638,Street X,Germany
Jack,2443,37,Alice Johnson,868-690-3101,Street D,Japan
Grace,3624,44,Helen Johnson,155-638-7933,Street G,UK
Jack,3440,35,Charlie Patel,589-653-1533,Street Q,Germany
Grace,2923,25,David Johnson,614-455-7450,Street W,India
Frank,2918,26,Grace Smith,981-802-3863,Street P,Germany
David,679,23,Ivy Patel,568-223-9490,Street L,Canada
Charlie,3742,50,Ivy Lee,571-423-1137,Street W,France
Ivy,2748,10,Helen Brown,112-790-4452,Street S,Japan
Helen,566,19,Grace Johnson,488-694-2650,Street F,UK
Bob,901,3,Helen Smith,433-470-5254,Street O,Japan
Alice,4569,19,Grace Lee,291-661-5306,Street V,India
Bob,2844,46,Helen Brown,342-375-8722,Street D,USA
Charlie,2385,6,Helen Brown,727-451-6995,Street F,Canada
Charlie,3386,23,Charlie Lee,288-610-7945,Street L,UK
Grace,2294,29,Bob Lee,315-529-7099,Street M,UK
Jack,2057,42,Jack Lee,473-974-7563,Street N,Japan
Bob,2553,17,Alice Smith,386-561-3947,Street G,Japan
Grace,1620,48,David Patel,685-234-4744,Street Q,Japan
Grace,1295,31,Eva Patel,933-202-5422,Street H,USA
Jack,822,14,Alice Johnson,923-341-8081,Street N,Japan
Helen,3030,13,Eva Brown,976-490-4212,Street D,Germany
Ivy,4111,35,David Johnson,249-919-3450,Street Y,Germany
Eva,773,18,Ivy Patel,584-925-1159,Street K,France
Ivy,3488,36,Eva Lee,280-531-9185,Street D,India
Alice,1576,45,Charlie Brown,237-969-9470,Street O,USA
Bob,1238,18,Helen Patel,646-837-6172,Street D,Australia
Ivy,2917,9,Jack Brown,904-598-5915,Street Q,USA
Eva,3176,7,Helen Johnson,356-675-1781,Street E,Canada
Frank,3903,40,Ivy Patel,507-201-3676,Street P,India
Bob,1938,48,Ivy Johnson,161-320-5166,Street Y,India
Eva,2144,38,Bob Brown,587-959-2577,Street L,Japan
Grace,1582,16,Jack Smith,560-862-6483,Street W,France
Charlie,4918,16,Bob Lee,366-469-6903,Street J,USA
Helen,3497,4,Eva Johnson,673-670-5222,Street R,Japan
Alice,4848,43,Ivy Brown,452-120-7746,Street X,India
Eva,4610,34,Frank Patel,224-459-4259,Street B,Japan
Ivy,2732,15,Ivy Johnson,690-689-9821,Street C,Japan
Charlie,1847,41,Alice Brown,278-899-5663,Street K,Germany
Ivy,2605,15,Helen Smith,463-432-9363,Street P,USA
Bob,4447,4,Ivy Johnson,599-893-8322,Street D,USA
Eva,2917,7,David Brown,180-490-5694,Street M,India
Ivy,3274,27,Grace Johnson,574-746-3373,Street J,Australia
Jack,1443,22,Bob Brown,989-271-6527,Street O,Canada
David,4336,46,David Lee,531-746-7631,Street T,France
Charlie,1116,31,Eva Brown,969-173-2296,Street X,India
Frank,1653,7,Alice Brown,265-451-4739,Street J,Japan
Charlie,2348,44,Helen Brown,421-424-5773,Street V,Canada
Ivy,3755,50,Eva Patel,827-373-7479,Street O,Japan
Ivy,3496,9,Frank Brown,377-555-6950,Street H,Australia
Alice,1239,1,Bob Lee,865-701-9535,Street R,Japan
Jack,3732,36,Helen Smith,561-523-3741,Street N,India
Frank,614,11,Bob Lee,288-974-1378,Street J,USA
Helen,2666,27,David Smith,228-845-4844,Street N,UK
Alice,4895,42,David Patel,777-357-2311,Street G,France
Bob,1512,31,Jack Patel,315-270-7505,Street C,Germany
Frank,4225,31,Frank Patel,205-197-2045,Street Z,Japan
Eva,3519,42,Jack Smith,999-584-9985,Street P,Australia
David,2647,13,Grace Lee,155-126-7504,Street V,Japan
Alice,3621,49,Charlie Johnson,636-883-2363,Street L,Germany
David,3543,19,Jack Patel,206-368-3544,Street F,Germany
Jack,1387,21,Charlie Smith,186-770-7387,Street A,Australia
Bob,2415,19,David Lee,416-334-5053,Street V,Japan
Bob,4362,42,David Patel,855-390-8260,Street P,UK
Helen,705,4,Alice Brown,741-229-3150,Street V,France
Bob,3187,50,Jack Lee,639-958-3795,Street D,India
Ivy,2313,6,Frank Smith,129-135-6846,Street M,India
Charlie,1017,42,Ivy Johnson,981-433-8801,Street O,Australia
Charlie,4303,37,Eva Johnson,578-991-9856,Street Q,Japan
Helen,2975,15,Jack Johnson,378-661-8288,Street V,UK
Ivy,3844,35,Ivy Brown,238-814-9835,Street V,Germany
Charlie,1455,48,Charlie Lee,281-705-8480,Street C,France
Eva,1645,47,Frank Patel,746-866-8126,Street D,Canada
Ivy,871,3,Eva Lee,636-755-9745,Street E,Japan
Jack,804,12,Eva Johnson,417-455-8891,Street M,UK
Grace,2993,27,Jack Brown,652-332-2467,Street M,UK
David,4535,12,Eva Johnson,552-415-6992,Street W,Germany
Ivy,1451,3,Ivy Smith,522-366-3551,Street S,UK
David,1296,26,Bob Lee,410-110-1001,Street D,Japan
Eva,2423,32,Charlie Brown,635-934-3233,Street X,Canada
Grace,4903,12,Grace Johnson,452-393-8687,Street F,India
Frank,1611,48,Alice Brown,647-108-9059,Street C,Japan
Helen,3683,19,Eva Smith,873-588-5908,Street L,France
Ivy,4216,3,Charlie Smith,109-884-8052,Street G,Germany
Helen,3539,1,Charlie Lee,917-399-4788,Street K,Germany
Bob,4925,20,David Brown,915-107-9981,Street G,USA
David,3933,37,Charlie Johnson,482-293-7745,Street T,USA
David,1765,39,Frank Johnson,674-547-7467,Street M,Australia
Bob,3898,7,David Patel,355-267-7385,Street D,France
Frank,1311,22,Grace Johnson,948-487-4614,Street H,Australia
Alice,4508,19,Helen Lee,369-181-7917,Street N,UK
Jack,3843,30,Charlie Smith,740-345-9464,Street X,UK
Ivy,2791,42,Jack Johnson,882-919-5454,Street P,USA
David,768,35,Eva Patel,391-764-9715,Street I,Canada
Jack,3535,34,Grace Lee,928-375-7765,Street Y,Australia
David,2279,32,Grace Lee,292-973-2121,Street W,India
Alice,4132,9,Helen Lee,286-239-5744,Street Y,Canada
Bob,4142,33,Bob Lee,213-752-8460,Street S,Germany
Alice,2434,30,Bob Lee,732-563-5458,Street S,Canada
David,3471,18,Grace Lee,817-737-9060,Street I,Germany
Bob,1313,13,Ivy Smith,292-428-1317,Street Y,Japan
Alice,3509,8,Eva Smith,255-150-9764,Street Z,France
Frank,4960,22,Frank Patel,122-290-2675,Street Z,Australia
Bob,3438,11,Helen Johnson,388-375-3048,Street U,Australia
Ivy,996,47,Helen Brown,832-548-1134,Street M,USA
David,3761,30,Frank Smith,338-192-3468,Street L,France
Eva,2760,42,Jack Brown,115-605-4558,Street P,UK
Helen,2054,17,Alice Patel,450-530-6104,Street V,Canada
David,1500,46,Bob Johnson,904-918-9165,Street T,USA
Ivy,4225,12,Helen Smith,480-574-1519,Street M,Japan
Charlie,1250,1,Frank Smith,438-182-3393,Street P,Japan
Jack,2237,48,Bob Johnson,157-372-7429,Street Q,Canada
Jack,674,22,Ivy Johnson,173-656-8702,Street I,Canada
Helen,914,19,Grace Brown,285-296-5097,Street E,Canada
David,3232,37,David Brown,936-490-1206,Street Y,USA
Helen,2495,44,Grace Johnson,224-886-5078,Street O,Canada
Grace,1531,49,David Smith,494-889-8257,Street D,UK
David,2181,13,Helen Lee,353-855-1549,Street D,Canada
Bob,1062,12,Eva Patel,303-571-2539,Street I,Germany
Bob,2197,40,Frank Patel,633-781-4415,Street P,Australia
Grace,2269,41,Eva Brown,584-498-6113,Street P,UK
Frank,2408,26,Frank Johnson,430-262-1691,Street H,France
Grace,3191,28,Ivy Smith,862-662-9534,Street U,Japan
Grace,1708,33,Jack Smith,225-359-8884,Street E,Japan
Helen,523,21,Charlie Brown,753-405-4255,Street A,Canada
Alice,2771,6,Jack Brown,469-153-4568,Street D,UK
Bob,1685,26,Helen Lee,215-341-8113,Street X,Australia
Alice,1564,43,Frank Patel,432-115-3742,Street B,Australia
Grace,4925,7,Alice Patel,913-382-2960,Street C,UK
Frank,2553,12,Alice Patel,505-908-4982,Street P,Canada
Bob,1929,9,Bob Brown,109-143-8786,Street V,Germany
David,1400,31,Helen Lee,804-710-3539,Street A,Japan
David,711,21,Alice Johnson,480-889-2466,Street F,India
David,1579,16,Bob Brown,354-261-9190,Street M,USA
Ivy,621,1,Charlie Lee,193-802-6544,Street T,Germany
Helen,3434,17,Helen Brown,877-740-1983,Street V,Japan
Charlie,2449,25,Helen Johnson,161-464-3521,Street K,Australia
Grace,3152,16,Alice Johnson,818-649-2759,Street E,France
Charlie,629,29,Grace Lee,228-599-4812,Street J,UK
Eva,1927,49,David Smith,424-671-6690,Street T,Canada
Helen,2673,18,Charlie Johnson,924-549-4161,Street T,France
David,929,22,Eva Johnson,121-805-7189,Street D,Australia
Bob,1538,20,Charlie Johnson,466-841-3207,Street Y,India
Helen,3948,38,Eva Johnson,356-140-8951,Street C,Australia
Ivy,4809,47,Bob Smith,823-548-5828,Street V,Germany
Bob,1431,37,Frank Patel,655-813-9029,Street Y,UK
Alice,1020,1,Eva Patel,294-680-4057,Street Q,India
Ivy,4401,17,Bob Johnson,656-456-6303,Street Y,Germany
Alice,4172,42,Frank Smith,849-579-5510,Street P,UK
Bob,3465,24,Charlie Brown,988-951-3627,Street Z,India
David,4704,45,Alice Smith,170-643-3539,Street O,India
Charlie,1393,16,Grace Lee,560-402-5314,Street G,India
Grace,4202,4,Eva Brown,654-475-8439,Street J,Japan
Helen,4627,43,David Patel,100-894-9289,Street V,Australia
Helen,2314,8,Grace Patel,488-851-4039,Street P,USA
David,855,30,Bob Smith,119-734-6965,Street P,Japan
Grace,4771,20,Bob Patel,894-735-4912,Street Q,UK
Alice,2970,11,Alice Smith,428-838-2037,Street I,USA
Charlie,4252,26,David Smith,774-651-7348,Street R,Canada
Grace,755,44,Helen Smith,294-636-9151,Street K,Canada
Alice,998,33,Bob Smith,884-664-3525,Street Z,Australia
Grace,4423,46,Charlie Smith,727-389-6285,Street R,Australia
Eva,3790,50,Jack Lee,519-756-6276,Street R,India
Helen,3992,20,David Lee,213-198-9572,Street A,UK
Eva,1384,45,Ivy Lee,774-168-1717,Street Y,India
Grace,4516,8,Helen Smith,955-232-3926,Street B,USA
Ivy,4133,41,Alice Patel,994-132-4310,Street N,India
Helen,1102,19,Alice Brown,209-597-4139,Street D,USA
Charlie,1161,24,Frank Lee,201-132-7366,Street M,UK
David,3138,40,Bob Johnson,773-601-9615,Street O,USA
Eva,1715,15,Grace Johnson,738-818-5193,Street K,France
David,1038,15,Charlie Smith,150-475-4616,Street M,India
Alice,1533,9,Helen Brown,720-835-2161,Street O,India
Jack,2752,31,Bob Lee,113-313-9051,Street O,France
Ivy,4992,10,David Smith,952-181-8668,Street B,Australia
Alice,3163,30,Grace Patel,920-754-1994,Street B,Australia
Frank,3620,48,Bob Brown,469-671-7814,Street F,USA
Alice,4846,39,Bob Patel,941-477-1955,Street R,France
Alice,2915,24,Bob Patel,943-731-5355,Street V,UK
Jack,4216,27,Frank Johnson,641-141-2153,Street Y,India
Helen,4641,45,Frank Lee,954-411-2276,Street J,Japan
Ivy,4024,36,Eva Smith,321-631-2591,Street W,Germany
Ivy,1312,31,Charlie Patel,203-842-4784,Street F,Japan
Charlie,1437,49,Grace Patel,644-494-4104,Street P,Australia
Alice,2261,35,Charlie Smith,297-638-5075,Street N,India
Ivy,4023,43,Charlie Brown,683-740-3931,Street E,Germany
Bob,4199,14,Bob Smith,671-867-7802,Street J,France
Charlie,2371,49,Ivy Smith,864-208-6864,Street W,Canada
Bob,3889,16,Jack Lee,790-569-7997,Street M,USA
Jack,3276,44,Alice Johnson,206-270-3955,Street P,Australia
Bob,4215,49,Jack Patel,663-511-9268,Street Y,India
David,3766,39,Charlie Johnson,445-773-3591,Street D,UK
Grace,3907,6,Helen Brown,646-714-8258,Street S,France
Bob,1278,34,Frank Patel,460-422-6319,Street V,Germany
Jack,3060,29,David Johnson,965-480-7755,Street P,Canada
David,3996,34,Charlie Brown,882-748-8054,Street V,France
Jack,3060,46,Grace Lee,945-843-6299,Street R,Australia
Jack,2588,24,Jack Brown,723-346-9939,Street V,UK
Alice,3566,5,Helen Johnson,319-484-5162,Street R,USA
Jack,1750,37,David Smith,468-563-8331,Street S,USA
Bob,4385,8,Bob Patel,506-100-1567,Street P,France
Grace,1049,4,Bob Lee,391-710-1267,Street P,Germany
Jack,1247,36,Charlie Johnson,630-238-5945,Street R,France
Jack,1199,33,Bob Lee,106-407-4635,Street F,India
Ivy,1263,13,Jack Brown,319-976-6159,Street Q,Canada
Frank,4037,37,Grace Johnson,122-890-5521,Street B,USA
Eva,1291,35,Frank Smith,666-623-3534,Street M,Australia
David,3552,10,Grace Smith,196-138-8542,Street I,France
Frank,1565,11,Frank Smith,464-259-3267,Street P,Australia
David,991,21,Charlie Smith,371-475-5093,Street S,Canada
Eva,3200,34,David Patel,338-362-5920,Street M,USA
Grace,1501,29,Eva Lee,194-684-7550,Street T,Canada
Charlie,3865,8,Bob Johnson,682-322-2264,Street V,Japan
Eva,3396,44,David Smith,840-432-8905,Street L,France
Helen,3964,14,Ivy Patel,277-599-2562,Street Y,USA
Frank,921,46,Jack Smith,709-757-5921,Street J,Japan
Bob,2856,38,Jack Smith,138-848-7251,Street K,Australia
Alice,3059,32,Jack Brown,180-898-1916,Street B,Germany
Helen,3380,6,Eva Johnson,889-442-6700,Street A,Germany
Jack,1348,33,Alice Lee,936-544-7824,Street S,Australia
Jack,4656,29,Eva Brown,988-223-4714,Street B,France
Bob,2242,4,David Brown,865-768-1187,Street E,France
Bob,1767,30,Ivy Lee,749-896-7266,Street L,UK
Ivy,4450,9,Jack Smith,155-412-9591,Street L,India
David,2337,33,Ivy Smith,142-426-9846,Street Z,Germany
Ivy,1386,27,David Johnson,678-253-6354,Street X,Canada
Eva,3368,30,Grace Smith,614-814-4617,Street S,Australia
Charlie,3511,37,Eva Brown,256-151-7436,Street A,Germany
Frank,1441,4,Alice Brown,556-870-9269,Street Y,Australia
Bob,2782,36,David Brown,192-327-8076,Street U,Japan
David,2352,30,Helen Lee,396-905-7460,Street K,Canada
Frank,4015,44,Grace Smith,251-235-6507,Street M,UK
Eva,715,20,Bob Smith,184-587-1807,Street D,India
Charlie,2690,47,David Smith,661-508-5301,Street N,India
Helen,737,2,Helen Smith,187-508-9221,Street L,Canada
Ivy,1977,26,Jack Johnson,544-892-3136,Street L,Canada
Eva,2738,17,Bob Johnson,880-238-8879,Street N,USA
Jack,3031,1,Ivy Brown,672-302-8993,Street L,India
Ivy,3283,48,Alice Brown,504-767-4212,Street B,UK
Alice,3375,14,Frank Lee,674-730-9589,Street V,Japan
Ivy,550,38,Frank Patel,352-348-2173,Street H,Germany
Eva,1986,5,Charlie Brown,372-895-8046,Street H,Japan
Bob,1673,3,Grace Smith,431-801-2467,Street H,Canada
Charlie,3783,28,Jack Brown,215-787-7776,Street U,Australia
Eva,1070,23,Grace Brown,533-474-6706,Street J,India
Bob,1662,45,Frank Johnson,295-428-6644,Street S,India
Bob,751,5,Ivy Smith,708-771-1396,Street C,France
Ivy,1251,35,Charlie Lee,888-412-3773,Street W,Japan
Charlie,4845,4,Helen Lee,458-731-8245,Street C,India
Eva,2262,5,Bob Lee,738-249-8216,Street J,Japan
Eva,3581,31,Alice Brown,145-937-4825,Street D,Japan
Jack,3939,3,Jack Lee,304-801-7124,Street K,India
David,4216,19,Bob Lee,259-875-2405,Street F,UK
Frank,3292,27,Alice Lee,215-857-1893,Street A,UK
David,1789,12,Eva Johnson,348-735-3419,Street R,UK
Eva,3531,50,David Smith,989-952-5713,Street K,Japan
Ivy,3052,9,Alice Johnson,114-451-2823,Street B,Japan
Helen,3157,50,Alice Smith,412-560-8719,Street O,UK
Eva,1195,42,Grace Johnson,123-439-4424,Street V,Canada
Alice,930,47,Ivy Smith,857-650-4471,Street N,Germany
Bob,1774,42,Eva Lee,308-659-9573,Street S,Japan
Grace,1789,27,Ivy Patel,868-364-9991,Street Q,Japan
Eva,907,24,Grace Lee,594-737-3315,Street N,USA
Alice,1168,25,Grace Patel,811-815-1301,Street I,UK
Alice,2729,29,Grace Lee,485-696-9631,Street A,Australia
Frank,4129,25,Bob Johnson,144-361-3790,Street W,Canada
Charlie,3973,25,Ivy Patel,161-390-4288,Street P,India
Eva,4478,6,Ivy Lee,908-813-5444,Street S,Canada
Charlie,4121,44,Jack Brown,154-576-1136,Street A,Canada
Helen,3892,43,Charlie Patel,168-497-5445,Street K,Australia
Ivy,2737,35,Eva Smith,778-972-6901,Street M,France
Grace,2265,9,Bob Johnson,985-210-1312,Street S,USA
Ivy,4697,42,Eva Lee,399-988-7332,Street M,UK
Alice,1432,23,Bob Lee,336-489-9331,Street K,Canada
Bob,3327,8,Ivy Smith,826-201-6168,Street S,Australia
Bob,4021,12,David Lee,596-987-9709,Street D,France
Charlie,1408,35,Charlie Lee,190-290-4258,Street Z,Australia
Ivy,2820,26,Ivy Smith,612-568-1352,Street P,France
Alice,4486,34,Frank Smith,140-353-9673,Street D,France
Frank,4816,9,Grace Brown,412-441-9027,Street W,Japan
Jack,3026,47,Jack Brown,502-862-3572,Street V,USA
Ivy,872,15,Bob Smith,118-455-6765,Street G,UK
Charlie,2306,1,Eva Patel,463-740-5953,Street K,UK
Grace,3737,49,Grace Patel,341-613-5519,Street P,India
Charlie,948,2,David Patel,931-163-5221,Street Q,USA
Alice,562,20,Alice Johnson,999-496-1482,Street Z,France
Eva,2174,30,David Brown,668-386-4695,Street Y,France
Frank,2969,44,Bob Patel,255-449-7436,Street V,Germany
Alice,2230,47,Grace Patel,772-240-2438,Street K,UK
Frank,1624,35,Bob Patel,847-491-9531,Street F,Japan
David,2593,28,Helen Smith,794-727-4726,Street T,USA
David,2871,35,Jack Lee,527-346-3502,Street J,Canada
Bob,3187,25,Jack Johnson,536-419-6395,Street L,Australia
Frank,1482,15,Alice Lee,559-655-3158,Street N,Canada
Ivy,563,16,Eva Brown,311-768-3270,Street G,USA
Grace,4574,30,Charlie Lee,694-654-4314,Street P,India
Jack,4027,23,Bob Johnson,983-241-6062,Street U,Japan
Charlie,1939,10,Alice Patel,805-822-9582,Street Z,France
David,1558,18,Charlie Patel,238-540-3378,Street C,Japan
Charlie,3614,13,Alice Smith,771-678-3589,Street R,Australia
Charlie,4862,47,Charlie Smith,425-169-9732,Street G,India
Grace,2385,49,Helen Johnson,836-221-4016,Street J,Japan
Alice,4598,8,Frank Patel,425-959-3384,Street I,UK
Charlie,3401,3,Ivy Lee,844-130-6221,Street B,UK
Frank,1090,43,Ivy Lee,523-521-5970,Street J,Japan
Grace,3752,27,Eva Johnson,553-863-5485,Street S,Japan
David,846,40,Charlie Smith,255-897-4079,Street M,Japan
Eva,4073,50,Frank Lee,209-234-4026,Street Z,UK
Charlie,653,2,Charlie Brown,126-880-5372,Street H,Australia
Bob,4266,16,Eva Johnson,720-680-4783,Street T,Canada
Grace,1137,14,Bob Brown,710-337-4783,Street X,India
Alice,3064,5,Alice Brown,803-126-6886,Street C,India
Helen,4016,7,Frank Smith,181-804-8808,Street W,Germany
David,3813,39,Grace Patel,237-614-8680,Street S,India
David,3921,3,Eva Johnson,829-765-7126,Street D,Australia
Helen,2871,29,Ivy Patel,288-972-7348,Street S,USA
Frank,1443,39,Bob Lee,603-585-3253,Street K,Japan
Eva,3818,44,Eva Lee,267-297-4707,Street I,France
David,670,46,Jack Johnson,133-518-1245,Street C,Canada
David,3160,4,Bob Smith,376-522-4646,Street S,UK
Alice,1907,16,Helen Lee,860-787-4323,Street Z,USA
David,4269,48,Helen Lee,875-309-2083,Street Q,France
Grace,3464,3,Ivy Patel,281-549-9027,Street P,Canada
Frank,1221,26,Frank Lee,804-432-8496,Street N,Canada
Eva,4077,29,Alice Smith,352-537-7633,Street G,Germany
Bob,1367,15,Helen Lee,894-142-7232,Street L,USA
Eva,2493,35,Jack Lee,837-420-7457,Street Z,Germany
Frank,4069,14,Charlie Brown,726-860-9784,Street C,Japan
Ivy,3780,49,Frank Smith,637-756-1630,Street U,USA
Grace,4792,50,Charlie Lee,633-211-8399,Street J,Canada
Ivy,1144,4,Eva Smith,567-946-1694,Street Q,UK
Frank,3742,9,Bob Smith,998-351-9498,Street Z,USA
Alice,3041,33,Jack Lee,650-505-1643,Street J,France
Bob,3281,19,Bob Lee,671-496-9456,Street N,Germany
Eva,2315,15,David Smith,883-745-1807,Street V,Germany
Charlie,3228,47,Ivy Patel,294-398-8201,Street R,Japan
Jack,1877,37,Alice Patel,507-411-5684,Street K,Canada
Eva,1125,21,Alice Smith,572-270-7921,Street G,Australia
Alice,4681,37,Alice Smith,401-727-1893,Street N,India
Bob,1434,39,David Patel,806-629-3330,Street M,USA
Jack,4846,50,Alice Patel,574-949-8400,Street I,Japan
Grace,4677,44,Helen Brown,192-839-9202,Street T,USA
Frank,2088,21,Frank Patel,215-284-9952,Street Q,Australia
Frank,3362,16,Grace Patel,238-502-7775,Street O,India
Grace,3376,20,Charlie Johnson,431-561-1408,Street V,UK
Jack,1709,10,Charlie Lee,283-564-4308,Street Y,India
Ivy,2435,43,Alice Brown,565-192-5097,Street R,USA
Bob,1342,34,Ivy Brown,431-808-3686,Street F,Australia
Grace,1699,15,Grace Smith,835-850-3024,Street A,India
Jack,2596,27,David Johnson,193-216-8362,Street U,France
David,2116,20,Frank Lee,749-471-2397,Street W,Canada
Eva,1921,18,David Brown,636-824-7292,Street Q,Canada
Alice,1752,4,Grace Patel,844-910-9383,Street F,Canada
Grace,1117,36,Frank Patel,726-263-7204,Street S,UK
Alice,1951,38,Eva Patel,663-489-1719,Street P,France
Ivy,4547,48,Bob Lee,886-274-6491,Street G,UK
Ivy,4300,12,Jack Brown,679-992-3459,Street V,UK
David,4177,41,Frank Lee,266-989-3369,Street X,France
Frank,3147,44,Bob Smith,283-887-1840,Street O,Canada
Grace,3089,28,Ivy Smith,529-415-6071,Street I,UK
Bob,1736,36,Alice Johnson,847-887-8311,Street U,France
Frank,4102,32,Charlie Smith,395-741-3960,Street R,India
Jack,1059,4,David Brown,220-234-4323,Street Z,UK
Frank,4341,23,Ivy Brown,103-737-5146,Street T,USA
Bob,4122,42,Alice Brown,112-569-9153,Street Y,Australia
Eva,2980,43,Grace Patel,975-610-9904,Street N,UK
Ivy,2750,25,Bob Patel,926-105-9084,Street S,USA
Eva,960,34,Helen Brown,343-322-8794,Street X,USA
Grace,3383,21,Eva Smith,564-519-8239,Street U,France
Frank,4656,45,Eva Smith,181-715-1107,Street B,India
Grace,1107,27,Frank Johnson,350-660-5556,Street Q,Canada
Eva,3042,27,Bob Lee,734-743-4401,Street G,Australia
Ivy,4282,10,Ivy Johnson,150-289-3429,Street L,UK
Charlie,4202,20,Helen Lee,156-768-6718,Street O,India
David,808,25,Alice Smith,137-248-1531,Street E,Australia
Grace,966,12,Frank Brown,783-691-5889,Street H,France
Grace,3520,49,David Patel,439-189-1803,Street E,India
Charlie,2851,35,Eva Johnson,211-526-3920,Street X,Canada
Jack,1128,31,Jack Johnson,265-788-5659,Street V,USA
Jack,1239,16,Eva Smith,725-776-3906,Street Y,Germany
Eva,4653,15,Jack Lee,566-867-6901,Street J,Germany
Grace,3649,20,David Johnson,136-195-5903,Street N,Germany
Ivy,4290,46,Helen Lee,430-477-7208,Street N,Japan
Alice,836,10,Frank Johnson,939-169-8001,Street K,India
Eva,4184,30,Jack Brown,963-663-2063,Street C,Canada
Eva,2042,4,Helen Smith,399-582-3204,Street U,France
David,3133,36,David Lee,224-811-5496,Street G,USA
Grace,4396,27,Ivy Smith,437-639-7779,Street N,Australia
Jack,4607,27,David Patel,637-314-4425,Street I,Japan
Jack,1735,36,Charlie Smith,726-159-2790,Street J,India
Frank,1006,34,Alice Lee,685-847-9666,Street U,Canada
Helen,4190,9,Grace Lee,189-595-5705,Street F,Japan
Helen,1347,25,Alice Patel,537-723-6185,Street I,USA
Helen,3313,16,David Patel,365-638-6797,Street V,India
David,1190,17,Ivy Johnson,232-729-9132,Street T,Germany
Ivy,4633,14,Frank Lee,632-846-9154,Street H,USA
Helen,1913,22,Alice Smith,604-927-3947,Street M,France
Charlie,820,42,Frank Patel,724-338-5759,Street H,Canada
Bob,2529,6,Alice Smith,298-101-2936,Street D,Germany
Eva,4086,29,Grace Patel,124-576-2932,Street E,UK
Ivy,4099,24,Eva Lee,855-968-4396,Street G,France
Jack,4793,6,Bob Patel,918-730-7793,Street A,India
Frank,4782,35,David Lee,523-146-6468,Street H,Japan
Bob,1800,47,Ivy Patel,458-673-4478,Street Z,Canada
David,3481,13,David Johnson,111-755-4296,Street J,Germany
Eva,3554,4,Grace Patel,806-388-5168,Street O,UK
David,2817,18,Helen Johnson,909-169-6042,Street P,Australia
David,3673,25,Alice Johnson,407-618-6307,Street R,UK
Charlie,3848,44,Charlie Smith,885-106-2865,Street N,Germany
Alice,3271,39,Eva Lee,802-441-6592,Street N,India
Alice,928,39,Bob Patel,505-841-1477,Street U,Japan
David,3241,3,Alice Patel,952-279-4178,Street B,USA
Helen,1039,5,David Brown,438-953-6536,Street G,USA
Jack,3200,13,Ivy Patel,788-590-8774,Street F,Japan
Bob,1274,49,Grace Lee,916-136-3224,Street I,France
Helen,3666,38,Frank Lee,593-259-8546,Street E,UK
Grace,2827,47,Helen Patel,985-649-6490,Street A,USA
Jack,2564,43,Bob Johnson,573-902-7782,Street I,USA
David,1731,36,Jack Brown,860-157-9537,Street Z,Japan
Grace,3230,14,Bob Lee,406-678-6169,Street Z,France
Helen,1167,31,Ivy Brown,668-648-1306,Street I,France
Grace,1658,14,Charlie Brown,313-691-6434,Street V,India
David,3365,22,Grace Lee,918-914-6793,Street R,Australia
Charlie,3041,20,Bob Johnson,167-252-5595,Street F,Germany
Alice,3710,1,Jack Johnson,960-131-6556,Street U,France
Bob,1556,14,Jack Lee,484-741-9753,Street B,USA
Grace,1194,13,Alice Patel,962-269-7382,Street X,UK
David,3036,48,Grace Patel,291-709-2914,Street P,Canada
Charlie,3585,8,Charlie Brown,985-901-6050,Street Z,France
Ivy,3190,48,David Patel,822-978-6152,Street A,Canada
Helen,1546,49,Eva Brown,826-132-5448,Street B,India
Alice,4812,31,Eva Patel,523-188-9143,Street C,Canada
Ivy,1265,16,Frank Johnson,998-343-7088,Street K,UK
David,3968,45,Grace Johnson,562-949-5958,Street T,France
Bob,4665,39,Frank Johnson,321-637-5953,Street J,India
Helen,3464,46,Frank Patel,279-214-7131,Street C,Germany
Charlie,649,14,Helen Brown,903-138-4311,Street N,Australia
Helen,3470,26,Eva Brown,194-554-9290,Street L,Australia
Ivy,3030,16,David Johnson,125-918-8907,Street V,France
Ivy,1976,36,Bob Johnson,612-257-4116,Street V,Japan
Jack,2254,21,David Patel,448-595-9579,Street C,France
Frank,3299,50,Charlie Patel,417-894-6363,Street M,Germany
Helen,4483,19,Jack Brown,246-887-2609,Street X,Australia
Jack,2072,25,Bob Smith,941-628-3174,Street E,Australia
Ivy,2355,30,Charlie Brown,310-841-1598,Street H,Germany
Grace,1626,35,Bob Patel,570-496-9558,Street D,Japan
Ivy,1769,42,Charlie Lee,218-104-6095,Street S,Australia
Helen,1132,23,Helen Patel,145-803-2426,Street X,USA
Charlie,2923,20,Helen Patel,441-578-1755,Street Q,UK
Helen,1328,17,Frank Lee,205-633-6119,Street D,USA
Helen,4658,24,Grace Patel,123-691-6114,Street Q,Japan
Eva,4921,33,Bob Brown,754-314-6257,Street V,USA
David,4813,32,Ivy Lee,305-297-5695,Street S,USA
Eva,809,30,Frank Smith,383-645-6228,Street Y,UK
Ivy,3258,7,David Patel,891-551-2927,Street Q,India
Helen,1573,47,Helen Smith,379-252-3580,Street I,Japan
David,3586,31,Eva Smith,380-217-1249,Street P,India
Eva,1763,49,Helen Lee,737-673-9422,Street C,Canada
Helen,1829,21,Eva Johnson,204-311-9888,Street H,Canada
Bob,1981,14,Bob Smith,458-662-6218,Street T,USA
Eva,1856,24,Bob Smith,377-244-5641,Street D,Japan
David,4085,21,Charlie Johnson,687-350-3806,Street Y,Canada
Eva,857,27,Eva Brown,172-418-6549,Street Z,Australia
Frank,3865,3,Jack Johnson,653-554-1831,Street K,India
Frank,3484,37,Alice Brown,233-129-8712,Street K,Australia
Ivy,2445,15,David Brown,791-151-2735,Street S,India
Bob,4138,48,Frank Johnson,492-155-2410,Street X,UK
Charlie,2834,10,Charlie Smith,536-501-3932,Street M,USA
Charlie,4177,2,Bob Brown,821-710-8304,Street Z,Canada
David,2416,17,David Johnson,731-464-6119,Street X,Japan
Grace,4874,36,Frank Patel,440-937-4246,Street X,Australia
Charlie,2459,38,Grace Smith,830-876-9740,Street H,Germany
David,3035,38,Ivy Brown,180-873-8629,Street N,Japan
Bob,4342,47,Alice Lee,681-234-2522,Street G,USA
Grace,2089,27,Eva Smith,932-921-8672,Street E,Germany
Grace,3513,19,Eva Patel,199-566-6085,Street D,USA
Frank,4109,10,Charlie Patel,800-759-8625,Street F,France
Ivy,4282,13,Alice Johnson,581-337-4666,Street G,Australia
Helen,2808,22,Grace Patel,247-981-5227,Street I,Germany
Grace,3628,15,Helen Lee,472-501-4004,Street O,Canada
Alice,4619,25,Ivy Johnson,816-781-6412,Street N,France
David,4820,37,Ivy Patel,907-981-6320,Street I,Germany
Grace,3929,16,David Brown,564-599-1495,Street S,Germany
Grace,1827,32,Bob Smith,166-586-2849,Street B,Japan
Jack,2135,36,Helen Lee,459-590-8556,Street P,Australia
Alice,1633,42,Bob Lee,966-274-5624,Street R,USA
Jack,2548,44,Charlie Lee,886-456-3087,Street L,France
Grace,927,22,Bob Brown,620-205-7646,Street W,Japan
Helen,4436,17,Alice Patel,937-831-2752,Street D,Germany
Alice,3540,49,Alice Smith,433-669-2162,Street K,USA
Frank,1340,32,David Smith,911-409-9728,Street R,Germany
Eva,4726,47,Charlie Brown,572-510-7773,Street N,India
Grace,1521,42,David Johnson,344-735-4992,Street P,Canada
Grace,2835,48,Grace Patel,661-262-8903,Street V,France
Ivy,1187,32,Frank Lee,493-167-6582,Street H,Japan
Ivy,1813,30,Bob Johnson,313-933-8063,Street I,UK
Jack,2734,11,Jack Brown,903-545-6606,Street Z,Germany
David,4180,47,Jack Patel,657-810-4869,Street E,UK
Helen,4705,23,Eva Patel,277-778-2276,Street L,Canada
David,1707,11,Bob Patel,857-828-8972,Street P,UK
Eva,4083,9,Alice Johnson,217-706-8584,Street W,Canada
Grace,1251,47,Bob Johnson,433-668-2599,Street L,UK
Helen,2318,35,David Brown,941-555-3886,Street J,France
Alice,4195,32,Helen Lee,415-515-2140,Street A,Germany
Grace,3363,12,Charlie Johnson,712-211-7208,Street U,France
Frank,718,35,Bob Smith,435-606-2007,Street T,Germany
Grace,3898,42,Frank Johnson,192-322-3276,Street B,USA
Charlie,936,4,Bob Johnson,694-873-1003,Street X,France
Helen,3747,34,Alice Patel,875-250-3444,Street V,Japan
Charlie,4612,3,Helen Smith,563-644-5775,Street Z,USA
Jack,3563,5,Alice Lee,499-730-8326,Street B,India
Ivy,2431,43,Charlie Smith,300-310-6187,Street W,USA
Alice,3663,4,Jack Lee,406-683-5989,Street Z,Australia
Grace,1168,49,Grace Brown,545-835-6640,Street V,India
Jack,3571,1,Grace Patel,191-696-1133,Street H,India
Jack,2339,27,Helen Brown,726-622-7622,Street I,France
Alice,730,9,Alice Johnson,967-230-5819,Street R,Canada
Bob,3110,41,Grace Johnson,163-478-9992,Street M,Japan
Grace,1311,15,Grace Patel,154-100-6885,Street J,Japan
Charlie,3246,5,Charlie Brown,212-981-5623,Street U,Australia
Helen,1696,46,Frank Smith,986-131-4854,Street W,USA
Charlie,1627,10,David Brown,542-819-7459,Street L,Germany
Alice,813,1,Charlie Lee,740-425-7271,Street Z,USA
Eva,2850,14,Eva Johnson,515-490-8130,Street V,France
Grace,4370,33,Eva Smith,658-316-3841,Street D,India
Frank,1636,30,Helen Johnson,586-242-4083,Street R,Japan
David,4342,24,Charlie Brown,668-493-6902,Street H,Australia
Helen,4174,4,Alice Patel,960-527-3527,Street O,USA
Frank,543,40,Jack Smith,395-993-3056,Street M,India
Frank,1149,41,Jack Patel,237-111-2175,Street A,Germany
Grace,655,43,Jack Brown,763-116-3359,Street M,Australia
Eva,2596,40,David Lee,838-598-8155,Street I,Canada
Grace,2266,31,Eva Patel,239-186-3248,Street J,USA
Eva,1724,43,Helen Patel,757-925-7813,Street C,Germany
Bob,4995,32,Grace Brown,980-566-7974,Street Y,India
Helen,4823,2,Ivy Smith,738-284-8444,Street H,Canada
Alice,3967,1,Helen Brown,621-534-8373,Street J,Germany
Ivy,1410,35,Alice Patel,493-463-4698,Street G,Germany
Alice,2860,36,Bob Johnson,290-534-1121,Street F,UK
Frank,2446,27,Eva Johnson,691-610-4878,Street O,Australia
David,2967,1,Grace Patel,829-613-5411,Street U,France
Bob,1498,2,Charlie Smith,520-659-7012,Street K,Canada
Alice,891,34,Grace Patel,134-138-8917,Street Z,Canada
Alice,2453,47,David Johnson,821-477-2854,Street Y,USA
David,3939,18,Ivy Lee,694-593-2311,Street U,Japan
David,4244,35,David Patel,245-847-9624,Street N,India
Alice,1014,19,Ivy Patel,979-868-5578,Street Z,USA
Jack,1408,2,Alice Lee,576-629-2281,Street B,Australia
Charlie,4594,33,Grace Smith,635-724-2449,Street I,France
David,4891,45,Frank Brown,351-583-2279,Street C,Germany
Charlie,634,44,Helen Johnson,800-748-9834,Street Y,Canada
Helen,4721,28,Ivy Johnson,917-693-6119,Street P,Japan
Bob,2481,12,Helen Brown,727-154-6628,Street P,Germany
Jack,1676,7,Frank Brown,647-897-1176,Street X,Australia
David,2886,7,Jack Brown,580-564-9399,Street N,USA
Helen,4016,34,Ivy Brown,580-687-6431,Street K,Australia
Eva,512,10,Frank Johnson,531-461-5827,Street W,Germany
Frank,3390,16,Grace Patel,396-271-1578,Street N,Canada
Charlie,2470,13,Eva Patel,811-711-5981,Street D,Japan
Jack,3912,40,Charlie Lee,844-903-5267,Street F,Canada
Jack,2034,34,Alice Patel,162-744-8752,Street W,Japan
Bob,1201,17,Frank Smith,692-273-1845,Street I,Canada
Charlie,4788,23,Jack Smith,772-398-1447,Street Q,Canada
Eva,3454,18,David Brown,393-596-2351,Street C,USA
Bob,1054,26,Alice Lee,229-617-2259,Street L,USA
Jack,4809,6,Eva Johnson,971-902-5552,Street N,India
Alice,4957,24,Alice Patel,358-235-5603,Street T,Australia
Eva,4656,26,Helen Patel,381-978-5209,Street X,Canada
Jack,4658,30,Ivy Johnson,114-859-2827,Street R,UK
Grace,666,37,Frank Smith,718-278-3476,Street X,USA
Grace,3698,16,Jack Brown,774-557-7058,Street K,Japan
David,4351,45,David Lee,927-279-5280,Street O,USA
Bob,856,15,Charlie Smith,901-817-4869,Street W,France
Jack,3669,20,Bob Lee,596-285-9640,Street A,India
David,3558,44,David Brown,982-133-6617,Street Y,Canada
Bob,2577,6,David Patel,186-248-3525,Street B,Canada
Eva,633,42,Eva Brown,957-607-7765,Street U,USA
Jack,3425,42,Ivy Smith,888-492-4898,Street U,USA
Bob,1053,49,Alice Patel,776-550-3740,Street F,France
Jack,3324,3,David Brown,315-691-6653,Street U,India
Alice,2475,6,Jack Patel,155-757-5331,Street O,India
Frank,1349,26,Grace Patel,873-939-2900,Street Z,Canada
Ivy,3223,25,Frank Lee,153-271-8602,Street U,India
Grace,1592,25,Charlie Lee,508-587-5937,Street E,Germany
Frank,863,36,Charlie Smith,587-864-9724,Street A,USA
Bob,3386,31,David Brown,339-488-7390,Street M,Japan
Ivy,4972,4,Jack Johnson,585-368-3378,Street G,India
Frank,3273,41,Frank Brown,643-991-8122,Street U,Japan
Alice,1934,1,Frank Patel,112-395-8353,Street J,India
Grace,4306,45,Jack Smith,491-794-6172,Street K,Canada
Helen,4420,11,Alice Smith,642-799-1672,Street S,Australia
Bob,1993,6,Frank Johnson,199-644-6797,Street C,USA
Grace,1604,32,Jack Patel,964-542-5466,Street D,Japan
Frank,1016,28,Jack Patel,443-376-5375,Street F,Australia
Helen,4249,42,Charlie Smith,921-200-5183,Street H,Germany
Charlie,802,22,Jack Smith,770-698-7408,Street Q,Canada
Grace,2903,37,David Johnson,572-891-4961,Street W,Canada
Charlie,2151,7,Helen Johnson,851-788-4193,Street Y,USA
Ivy,858,34,Ivy Lee,632-445-3947,Street U,Canada
Eva,2134,3,Eva Smith,420-660-1173,Street Y,Germany
Jack,843,15,Charlie Johnson,788-108-2113,Street E,UK
Ivy,3085,14,Helen Patel,112-521-2600,Street T,France
Helen,3040,45,Alice Lee,637-206-8306,Street V,Australia
Helen,4722,37,Bob Smith,459-324-5641,Street N,India
Grace,3762,31,Alice Johnson,357-297-1557,Street Z,Japan
Jack,4948,18,David Smith,124-734-2506,Street K,Japan
Eva,4378,3,Jack Lee,158-708-4552,Street O,UK
Frank,2575,5,David Brown,713-753-2995,Street P,Germany
David,799,44,Alice Smith,825-222-2415,Street X,UK
Bob,2065,18,Ivy Smith,976-719-3128,Street E,USA
Eva,2843,35,Helen Smith,484-772-4027,Street I,USA
Helen,3424,37,Alice Smith,213-812-4018,Street F,UK
David,891,43,Frank Johnson,359-401-8650,Street V,France
Helen,3219,3,Jack Brown,776-177-8429,Street S,India
Jack,2738,12,David Patel,383-887-7995,Street K,Australia
Jack,1519,21,Charlie Smith,808-783-6298,Street Z,France
Grace,3514,2,Frank Patel,363-265-2212,Street J,UK
Frank,4079,14,Charlie Johnson,383-895-2022,Street G,UK
Alice,3776,38,Frank Brown,491-497-6450,Street C,Japan
Helen,4102,10,Alice Lee,161-364-5336,Street N,France
Frank,3667,49,Alice Lee,282-551-2137,Street L,Australia
Charlie,3277,46,Charlie Lee,603-305-7432,Street F,France
Helen,2030,26,Jack Lee,282-760-9061,Street M,Australia
David,4564,5,Charlie Lee,211-247-9857,Street M,USA
Frank,4575,20,Bob Brown,887-541-4578,Street S,UK
Eva,3509,11,Ivy Smith,728-758-2740,Street H,USA
Frank,4753,37,Frank Lee,552-832-5243,Street A,Germany
Eva,2684,16,Bob Smith,205-135-2194,Street A,USA
Jack,1176,37,Frank Patel,172-685-5105,Street R,India
Eva,3977,25,Grace Smith,895-556-1307,Street U,Australia
Ivy,1146,44,Jack Patel,609-252-1014,Street T,Germany
Alice,4027,35,Bob Smith,138-780-7397,Street U,Germany
Ivy,1978,22,Frank Patel,372-255-6403,Street H,Germany
David,4968,25,Eva Smith,500-688-1060,Street C,Canada
Bob,2906,49,Frank Smith,627-824-9039,Street O,Australia
David,3131,48,Charlie Brown,589-546-7617,Street G,Germany
Grace,1340,9,Charlie Patel,964-845-2148,Street I,Japan
Helen,1155,45,Grace Smith,653-331-1054,Street W,Japan
Ivy,3186,47,Helen Brown,493-805-8898,Street F,Australia
David,2921,6,Frank Brown,224-680-9770,Street B,Australia
Helen,3010,33,Charlie Patel,467-441-5961,Street M,France
Helen,4152,48,Ivy Smith,510-156-2485,Street T,India
Helen,3990,23,Jack Brown,474-647-6571,Street N,Australia
Alice,1865,4,Frank Lee,182-961-8530,Street T,UK
Bob,4136,7,David Lee,878-884-5750,Street I,Canada
Eva,3379,28,Jack Lee,763-307-3893,Street E,Japan
David,4162,15,Charlie Smith,667-140-7294,Street C,USA
Grace,846,5,Grace Lee,776-295-5896,Street L,Japan
David,3388,22,Eva Johnson,812-499-2749,Street F,Germany
Eva,4063,39,Eva Patel,745-805-6886,Street S,USA
Jack,2749,50,Charlie Johnson,598-186-8175,Street D,Germany
Frank,969,40,Charlie Johnson,852-294-3292,Street A,Germany
Helen,1114,39,Alice Lee,136-297-1415,Street W,Japan
Ivy,3827,26,Jack Patel,837-707-4907,Street Q,Germany
Ivy,3476,50,Grace Brown,600-498-2032,Street N,Germany
Frank,4703,21,Jack Johnson,911-653-6041,Street Y,Japan
Grace,1810,2,Alice Brown,611-646-8361,Street O,Australia
Ivy,755,41,Charlie Brown,116-137-6558,Street V,India
Frank,1669,18,Jack Smith,157-445-1701,Street P,Germany
Frank,4089,29,Frank Patel,515-221-4468,Street D,India
Helen,785,32,Jack Patel,926-769-9570,Street H,UK
Eva,1534,15,David Johnson,569-794-9791,Street W,USA
Eva,1050,23,Jack Smith,252-858-4817,Street G,Australia
Eva,2433,36,Bob Smith,173-137-3319,Street G,USA
David,3500,25,Helen Smith,600-769-1312,Street Z,Canada
Bob,3466,28,Charlie Patel,582-733-1750,Street I,Australia
David,3636,12,Frank Patel,348-818-3138,Street J,USA
Frank,765,44,Bob Lee,114-276-1818,Street X,Canada
Bob,1756,38,David Patel,414-940-2594,Street P,UK
Ivy,4185,43,Frank Patel,567-725-3796,Street M,France
Charlie,3538,25,Frank Smith,955-705-2047,Street E,Japan
David,3547,6,Charlie Brown,937-937-2742,Street N,Germany
David,4136,50,Bob Johnson,216-609-4613,Street G,Australia
Helen,1129,40,Frank Brown,164-923-4320,Street T,USA
Eva,1627,19,Helen Johnson,536-445-7586,Street G,USA
Jack,4837,16,Alice Lee,432-223-9943,Street J,Germany
Ivy,3506,46,Eva Patel,240-429-4493,Street X,Germany
Jack,3760,5,David Johnson,882-146-3841,Street V,France
Eva,3075,6,David Johnson,443-164-2978,Street G,UK
Bob,2783,18,Bob Johnson,380-244-7801,Street N,Germany
David,2544,10,Frank Johnson,272-813-7060,Street F,France
Eva,1429,25,Eva Patel,666-268-8187,Street N,UK
David,712,46,Bob Brown,349-695-1666,Street Z,Australia
Frank,2024,41,Alice Johnson,236-202-7162,Street E,Germany
Charlie,4588,10,Alice Smith,896-261-1256,Street A,UK
Eva,4741,48,Grace Johnson,598-182-1104,Street J,Germany
Alice,3670,25,Helen Patel,107-283-2460,Street I,USA
Ivy,1464,21,Grace Smith,823-767-5648,Street H,UK
Charlie,2644,24,Charlie Patel,526-810-8798,Street T,France
Eva,2632,7,Grace Lee,808-229-4377,Street O,Canada
Alice,4155,6,Helen Patel,246-755-5439,Street H,USA
Alice,2257,1,Grace Smith,635-561-7750,Street L,UK
Ivy,2839,20,Frank Brown,344-278-1616,Street S,India
Eva,4523,29,Ivy Smith,710-284-9190,Street V,Canada
Charlie,2139,24,Grace Brown,726-190-5934,Street U,Australia
Helen,1504,49,Bob Smith,456-528-1074,Street O,Germany
Bob,1611,18,Helen Johnson,671-341-4144,Street C,France
Alice,1106,7,Jack Patel,220-642-2567,Street A,Japan
Jack,4203,9,David Lee,733-470-9842,Street P,Germany
Eva,1914,6,Charlie Brown,619-324-8605,Street E,Australia
Helen,4146,12,Helen Brown,888-741-4409,Street K,Australia
Helen,1219,28,Bob Johnson,383-154-4173,Street W,UK
Helen,3118,29,Alice Johnson,215-915-3444,Street M,India
Frank,3346,36,Eva Smith,801-964-8772,Street V,Canada
Charlie,1031,36,Alice Brown,609-280-3617,Street G,Canada
Alice,4941,33,Frank Patel,786-144-1885,Street W,UK
Eva,2878,27,Eva Smith,760-472-5670,Street M,UK
Helen,2957,7,Bob Johnson,314-545-5118,Street W,Germany
Bob,1790,2,Bob Brown,442-731-8424,Street N,Germany
Bob,1926,6,Frank Lee,144-206-1859,Street X,India
Grace,3461,23,Charlie Lee,650-280-3589,Street T,Australia
Helen,4667,36,Grace Brown,904-129-8947,Street I,Australia
Bob,2336,6,Charlie Patel,627-218-2160,Street C,India
Jack,1494,39,Bob Brown,340-838-8287,Street D,Germany
Alice,2146,39,Ivy Patel,706-693-6340,Street R,USA
Charlie,1637,21,Bob Johnson,529-303-6336,Street B,Germany
Charlie,2439,25,Frank Patel,335-897-2804,Street B,France
Jack,4547,1,Jack Patel,433-333-2606,Street K,UK
Eva,715,19,Jack Brown,342-855-7759,Street H,Australia
Bob,3456,27,Helen Brown,990-304-7152,Street P,Germany
David,3522,25,Alice Lee,325-175-8716,Street L,USA
Bob,4328,50,Grace Johnson,699-596-1890,Street T,France
Ivy,1563,6,Charlie Smith,546-248-4541,Street V,UK
Grace,1206,47,Jack Brown,724-565-3917,Street Z,Japan
Jack,1038,36,Grace Johnson,496-482-3234,Street T,Germany
Jack,3033,16,Charlie Johnson,568-837-4181,Street W,Canada
Jack,3761,37,Alice Lee,747-467-5418,Street X,Japan
David,4421,34,Bob Brown,307-443-3084,Street Z,Canada
Ivy,4806,11,Frank Brown,132-808-1977,Street B,UK
Grace,3865,44,David Johnson,387-239-2820,Street A,India
Helen,3854,25,David Brown,972-576-8513,Street I,Australia
Helen,1104,11,Grace Lee,528-275-6629,Street Q,Japan
Eva,1526,9,Ivy Lee,325-402-3568,Street T,Japan
Jack,3097,18,Ivy Lee,908-913-3784,Street M,UK
Grace,1107,20,Eva Brown,691-666-4763,Street J,Australia
Eva,4186,18,Eva Brown,188-521-9548,Street M,Australia
Jack,4316,32,Eva Lee,600-982-4546,Street V,Japan
Jack,4738,10,David Patel,705-584-8581,Street L,Japan
Alice,3322,5,Bob Smith,385-114-8014,Street E,Japan
Jack,1551,11,Alice Johnson,853-993-5041,Street R,France
Bob,1990,28,Grace Patel,353-435-8114,Street B,India
David,1557,18,Jack Smith,693-327-3440,Street S,USA
David,4044,27,Ivy Brown,687-105-7844,Street F,Germany
Eva,4619,20,Helen Johnson,145-141-8711,Street I,Germany
Bob,953,31,Charlie Patel,851-887-9261,Street F,Germany
Charlie,1517,5,Alice Johnson,134-535-9701,Street Q,Japan
David,4744,24,Frank Brown,503-590-2605,Street P,Germany
Charlie,1753,17,Alice Smith,563-607-4940,Street K,India
Ivy,2991,16,Grace Smith,185-671-1203,Street O,Germany
Bob,1848,47,Bob Smith,809-849-7662,Street E,France
Charlie,1826,41,Eva Patel,323-235-6872,Street C,India
Alice,3143,32,Jack Smith,402-344-2486,Street K,India
Grace,2347,39,Helen Patel,116-591-5994,Street W,UK
Helen,3334,40,David Patel,265-820-8524,Street Q,Australia
Jack,4750,13,Bob Lee,978-684-1399,Street N,France
Helen,2826,30,Alice Patel,565-574-3271,Street E,Canada
Eva,1146,7,David Johnson,995-820-7641,Street I,UK
Alice,2552,9,Charlie Smith,289-908-7068,Street D,Canada
David,2108,20,Eva Patel,741-575-1022,Street K,France
Eva,2748,1,Bob Brown,981-742-2158,Street B,Japan
Eva,1525,26,Helen Patel,494-807-6454,Street E,Australia
Helen,2980,22,Bob Patel,643-133-5859,Street P,Germany
Bob,4870,40,Eva Lee,536-870-5420,Street I,USA
David,1265,25,Grace Johnson,814-727-9887,Street X,Japan
Eva,4617,22,Helen Brown,689-913-4393,Street L,Australia
Jack,1881,29,Helen Lee,906-801-2326,Street N,India
David,1763,22,Eva Johnson,735-443-1898,Street J,Japan
Grace,1902,28,Bob Patel,627-790-6963,Street I,Japan
Bob,3265,42,Ivy Brown,152-213-7274,Street T,India
Ivy,837,39,Grace Johnson,474-576-1669,Street Y,India
David,732,9,Charlie Lee,474-475-3871,Street I,Australia
Charlie,1165,20,Frank Patel,763-672-2097,Street Q,Japan
Eva,872,21,Grace Patel,674-826-4354,Street K,Australia
Charlie,2668,39,Frank Smith,241-442-4909,Street N,France
Bob,2226,45,Charlie Lee,652-216-8839,Street F,India
Alice,3912,13,Helen Brown,855-870-4437,Street K,USA
Charlie,748,31,Alice Patel,871-862-4693,Street X,UK
Eva,4579,21,Eva Smith,428-461-5380,Street P,Japan
Jack,4969,12,Helen Johnson,615-796-7929,Street Y,Germany
Jack,2872,26,Helen Patel,383-155-2038,Street E,France
Eva,2974,21,Eva Johnson,481-453-8412,Street R,Canada
Helen,4456,19,David Patel,597-613-9629,Street V,Australia
Bob,2506,48,Eva Johnson,949-225-8703,Street U,Canada
Helen,3826,45,Jack Lee,826-644-9730,Street Z,France
Eva,2936,41,Alice Johnson,399-562-7031,Street O,Canada
Grace,4215,32,Charlie Johnson,919-789-2075,Street B,France
Eva,1097,37,Bob Patel,292-568-2430,Street G,Germany
Ivy,990,16,Bob Patel,182-500-3929,Street E,Canada
Ivy,1794,21,Frank Johnson,395-178-2791,Street B,Canada
Helen,4101,25,Ivy Lee,268-382-2835,Street H,Canada
Helen,3904,18,Grace Brown,813-251-9131,Street F,Australia
Bob,4466,26,Jack Smith,254-995-4346,Street B,USA
Jack,4304,24,David Johnson,633-742-1371,Street P,Germany
Alice,2171,8,Ivy Lee,400-526-9870,Street I,Australia
Grace,3286,37,Alice Johnson,235-585-6680,Street F,Germany
Frank,1676,13,Grace Smith,530-554-1351,Street W,Australia
Jack,3060,38,Ivy Brown,398-293-2031,Street O,France
Eva,3115,35,Grace Brown,122-992-4806,Street N,France
Alice,3329,12,Ivy Johnson,954-632-6503,Street D,France
Bob,3766,44,Helen Smith,521-692-6616,Street P,Germany
David,1571,50,Jack Johnson,771-761-6346,Street B,UK
Jack,3535,36,David Patel,597-707-9686,Street O,France
Jack,4718,2,Helen Brown,962-661-8295,Street L,USA
Alice,1369,47,Eva Lee,568-411-3161,Street W,France
Eva,3114,30,Bob Lee,908-413-3813,Street R,France
Jack,2480,46,Grace Lee,908-366-4715,Street P,Australia
Alice,4321,14,Alice Smith,595-480-5720,Street O,India
Charlie,1503,29,Ivy Smith,888-965-1775,Street P,India
Helen,2691,19,Jack Brown,251-461-5659,Street D,USA
Ivy,4183,45,Ivy Smith,566-270-3634,Street X,Japan
Helen,2530,5,Jack Patel,828-648-5673,Street E,UK
Eva,1654,27,Jack Brown,286-279-3514,Street D,India
Charlie,1293,44,Charlie Brown,265-343-2915,Street L,Germany
Jack,914,32,Bob Patel,142-424-3072,Street C,Germany
Grace,2877,9,Helen Patel,551-366-7056,Street G,Germany
Helen,3646,41,Charlie Patel,288-310-1568,Street J,Japan
Bob,3925,20,Charlie Johnson,781-424-6633,Street F,Germany
Helen,2533,16,David Lee,251-481-8347,Street F,Japan
Frank,1808,17,David Lee,652-266-9743,Street X,Japan
Grace,3182,43,Charlie Brown,408-224-1408,Street Q,Australia
Frank,3061,10,Alice Patel,514-611-3381,Street I,Canada
Frank,2055,46,Grace Smith,569-427-3556,Street S,Australia
Bob,1805,28,Bob Patel,104-856-9948,Street V,Germany
Charlie,4581,25,Grace Brown,619-439-5842,Street S,India
Frank,4716,5,David Lee,585-396-3409,Street G,India
Grace,4324,29,Charlie Johnson,918-678-8243,Street S,Germany
Helen,4585,39,Jack Patel,446-805-2840,Street A,Japan
Eva,3027,31,Eva Lee,849-590-1656,Street Q,Japan
Grace,4574,38,Frank Brown,242-794-2914,Street Y,USA
Ivy,689,26,Bob Brown,415-125-7580,Street S,Australia
Alice,1237,35,Bob Lee,732-961-4610,Street F,UK
Helen,3721,33,Grace Lee,556-465-2515,Street N,UK
Bob,4640,45,Ivy Patel,434-156-4197,Street C,France
Frank,4245,27,Grace Smith,697-639-4639,Street H,USA
Eva,2472,35,Ivy Patel,900-885-5553,Street Y,Japan
Frank,2262,3,Frank Johnson,300-123-2369,Street P,Australia
Bob,3390,24,Eva Lee,651-969-8298,Street V,Australia
Grace,898,45,Ivy Johnson,793-787-2431,Street D,Germany
Ivy,914,35,Helen Johnson,624-503-4185,Street K,India
Alice,2804,39,Alice Smith,602-425-9381,Street A,India
Ivy,4554,41,Jack Patel,157-782-6915,Street J,India
Helen,4355,6,Jack Brown,507-251-8006,Street V,France
Grace,2840,7,Ivy Johnson,478-495-7108,Street V,Australia
Alice,4896,50,Grace Johnson,112-391-6651,Street D,USA
David,566,16,Bob Johnson,459-415-8300,Street M,USA
Ivy,1380,43,Grace Johnson,995-674-2435,Street L,UK
Frank,4030,43,Charlie Brown,320-845-8278,Street S,UK
Jack,1597,23,Charlie Patel,859-525-8249,Street D,Australia
Helen,2666,11,Jack Smith,395-267-7944,Street K,India
Helen,3496,42,Jack Johnson,846-524-3286,Street E,India
Alice,3803,40,Jack Lee,955-701-2410,Street A,Germany
David,3497,3,Bob Brown,247-312-5968,Street C,India
Eva,870,37,Bob Smith,586-988-9606,Street O,Canada
Ivy,3781,42,Jack Lee,443-167-7156,Street W,India
Charlie,919,44,Bob Lee,190-106-7708,Street V,Germany
Eva,2094,42,Eva Lee,754-379-7791,Street P,Japan
Helen,3469,26,Ivy Johnson,279-669-8571,Street O,Canada
Helen,2864,49,Frank Patel,827-681-3243,Street U,Australia
Bob,1102,22,Grace Johnson,304-290-7254,Street I,Japan
Alice,3664,28,Eva Lee,396-667-9037,Street T,France
Jack,4630,7,Grace Smith,143-942-5947,Street V,Canada
David,4189,1,Helen Johnson,954-699-5979,Street A,UK
Charlie,2791,7,Jack Smith,605-672-8593,Street K,Canada
Eva,1473,17,Jack Johnson,329-127-1040,Street B,UK
Ivy,1554,15,Helen Patel,257-368-5917,Street U,USA
Alice,1292,33,Alice Patel,755-954-8742,Street T,Japan
Ivy,3726,48,Charlie Johnson,227-769-5713,Street O,USA
Grace,3557,34,Eva Johnson,527-283-9059,Street K,UK
Bob,3277,36,Grace Patel,804-760-5009,Street X,Germany
David,3495,38,Charlie Smith,129-222-5541,Street X,Canada
Bob,1681,45,Jack Patel,604-168-6927,Street Z,India
Helen,2130,37,Jack Johnson,695-592-8144,Street S,France
Bob,4670,15,Grace Smith,989-364-8799,Street E,Germany
Charlie,3788,29,Alice Johnson,810-937-2959,Street G,Germany
Helen,4596,24,Grace Brown,482-624-1287,Street B,France
Eva,829,26,Frank Johnson,965-365-3668,Street Z,Canada
Ivy,871,30,David Patel,695-159-3394,Street U,Japan
Eva,818,50,Alice Lee,427-572-3219,Street J,USA
Grace,1622,44,Helen Patel,465-267-1866,Street K,Australia
Helen,3228,38,Eva Patel,379-469-7873,Street Z,USA
Helen,4380,45,Frank Smith,751-464-1798,Street B,UK
David,4754,33,Alice Brown,396-398-9677,Street X,Australia
Helen,4243,10,Frank Smith,754-178-9419,Street C,India
Ivy,1720,23,Eva Johnson,298-884-4002,Street R,India
Charlie,4723,2,Eva Lee,883-196-3738,Street T,UK
Grace,1645,31,Eva Patel,656-430-6180,Street M,Canada
David,3186,7,Helen Lee,946-965-5932,Street C,UK
Jack,3109,19,Bob Lee,377-801-6939,Street M,India
Ivy,1831,27,David Johnson,198-647-6761,Street I,Japan
Charlie,3719,6,Charlie Johnson,943-247-1211,Street F,Canada
Bob,2951,8,Eva Lee,240-630-5610,Street H,India
Eva,3255,47,Helen Patel,481-897-8944,Street Y,Germany
Grace,4655,10,Frank Johnson,521-448-3671,Street M,UK
Frank,4675,23,Eva Patel,204-323-3532,Street C,Germany
Ivy,4860,20,Grace Johnson,615-326-4087,Street A,France
Eva,4512,22,Jack Patel,914-672-9612,Street G,India
Alice,2955,30,Bob Patel,966-644-2867,Street F,Japan
